Year,TeamAbv,TeamName,3P,3PA,3P%,2P,2PA,2P%,TOTAL_3P,TOTAL_3PA,TOTAL_2P,TOTAL_2PA
2000,ATL,Atlanta Hawks,2.000,8.333,0.091,259.000,575.667,0.454,6.000,25.000,777.000,1727.000
2000,BKN,Brooklyn Nets,0.286,2.429,0.114,113.857,256.714,0.396,2.000,17.000,797.000,1797.000
2000,BOS,Boston Celtics,40.000,110.500,0.176,164.167,355.833,0.458,240.000,663.000,985.000,2135.000
2000,CHA,Charlotte Hornets,4.000,12.600,0.098,174.800,397.800,0.434,20.000,63.000,874.000,1989.000
2000,CHI,Chicago Bulls,1.500,6.250,0.158,140.750,311.750,0.413,12.000,50.000,1126.000,2494.000
2000,CLE,Cleveland Cavaliers,4.000,13.857,0.076,157.143,326.571,0.472,28.000,97.000,1100.000,2286.000
2000,DAL,Dallas Mavericks,21.857,57.429,0.177,113.714,226.571,0.488,153.000,402.000,796.000,1586.000
2000,DEN,Denver Nuggets,12.750,34.750,0.367,233.500,470.250,0.493,51.000,139.000,934.000,1881.000
2000,DET,Detroit Pistons,0.800,7.000,0.080,149.800,339.600,0.436,4.000,35.000,749.000,1698.000
2000,GSW,Golden State Warriors,1.000,4.667,0.183,101.167,231.000,0.401,6.000,28.000,607.000,1386.000
2000,HOU,Houston Rockets,18.500,51.333,0.135,112.167,220.333,0.517,111.000,308.000,673.000,1322.000
2000,IND,Indiana Pacers,12.667,39.667,0.184,124.667,272.778,0.470,114.000,357.000,1122.000,2455.000
2000,LAC,Los Angeles Clippers,13.500,42.667,0.272,164.667,363.333,0.396,81.000,256.000,988.000,2180.000
2000,LAL,Los Angeles Lakers,9.833,28.667,0.447,214.500,411.667,0.470,59.000,172.000,1287.000,2470.000
2000,MEM,Memphis Grizzlies,2.200,9.400,0.192,144.800,326.400,0.439,11.000,47.000,724.000,1632.000
2000,MIA,Miami Heat,0.000,1.333,0.000,200.500,423.500,0.433,0.000,8.000,1203.000,2541.000
2000,MIL,Milwaukee Bucks,18.833,48.000,0.290,124.167,262.167,0.462,113.000,288.000,745.000,1573.000
2000,MIN,Minnesota Timberwolves,4.333,14.833,0.202,215.167,448.000,0.452,26.000,89.000,1291.000,2688.000
2000,NYK,New York Knicks,8.833,29.167,0.193,141.833,290.667,0.436,53.000,175.000,851.000,1744.000
2000,OKC,Oklahoma City Thunder,17.714,43.571,0.124,160.857,353.571,0.426,124.000,305.000,1126.000,2475.000
2000,ORL,Orlando Magic,0.200,2.400,0.167,174.200,362.600,0.512,1.000,12.000,871.000,1813.000
2000,PHI,Philadelphia 76ers,0.000,0.750,0.000,175.750,362.500,0.489,0.000,3.000,703.000,1450.000
2000,PHX,Phoenix Suns,18.600,52.200,0.305,150.200,345.400,0.436,93.000,261.000,751.000,1727.000
2000,POR,Portland Trail Blazers,9.500,32.000,0.188,201.500,406.500,0.510,57.000,192.000,1209.000,2439.000
2000,SAC,Sacramento Kings,1.000,7.333,0.119,243.333,501.500,0.407,6.000,44.000,1460.000,3009.000
2000,SAS,San Antonio Spurs,2.200,9.600,0.192,277.800,568.400,0.467,11.000,48.000,1389.000,2842.000
2000,TOR,Toronto Raptors,2.750,12.500,0.112,170.250,410.000,0.352,11.000,50.000,681.000,1640.000
2000,UTA,Utah Jazz,3.000,9.000,0.341,253.000,507.800,0.476,15.000,45.000,1265.000,2539.000
2000,WAS,Washington Wizards,0.333,2.667,0.056,122.667,257.000,0.463,1.000,8.000,368.000,771.000
2002,ATL,Atlanta Hawks,2.750,8.125,0.228,131.750,279.750,0.397,22.000,65.000,1054.000,2238.000
2002,BKN,Brooklyn Nets,11.167,36.500,0.180,180.167,399.167,0.429,67.000,219.000,1081.000,2395.000
2002,BOS,Boston Celtics,32.167,101.833,0.129,125.167,274.833,0.463,193.000,611.000,751.000,1649.000
2002,CHI,Chicago Bulls,4.857,13.571,0.182,189.429,375.571,0.474,34.000,95.000,1326.000,2629.000
2002,CLE,Cleveland Cavaliers,0.000,1.800,0.000,202.000,441.800,0.423,0.000,9.000,1010.000,2209.000
2002,DAL,Dallas Mavericks,39.000,101.400,0.261,198.600,390.400,0.467,195.000,507.000,993.000,1952.000
2002,DEN,Denver Nuggets,1.000,3.250,0.225,272.750,594.750,0.445,4.000,13.000,1091.000,2379.000
2002,DET,Detroit Pistons,21.500,64.167,0.304,121.000,265.000,0.389,129.000,385.000,726.000,1590.000
2002,GSW,Golden State Warriors,1.667,7.167,0.099,138.500,288.833,0.453,10.000,43.000,831.000,1733.000
2002,HOU,Houston Rockets,13.000,40.000,0.208,197.600,422.000,0.471,65.000,200.000,988.000,2110.000
2002,IND,Indiana Pacers,7.800,21.800,0.207,213.000,448.600,0.435,39.000,109.000,1065.000,2243.000
2002,LAC,Los Angeles Clippers,2.429,7.286,0.210,150.571,318.857,0.467,17.000,51.000,1054.000,2232.000
2002,LAL,Los Angeles Lakers,8.500,30.000,0.096,189.000,371.000,0.453,51.000,180.000,1134.000,2226.000
2002,MEM,Memphis Grizzlies,3.167,16.333,0.081,219.667,455.000,0.411,19.000,98.000,1318.000,2730.000
2002,MIA,Miami Heat,4.500,18.667,0.084,162.333,356.500,0.437,27.000,112.000,974.000,2139.000
2002,MIL,Milwaukee Bucks,12.250,34.625,0.153,83.750,177.750,0.401,98.000,277.000,670.000,1422.000
2002,MIN,Minnesota Timberwolves,4.400,15.400,0.404,266.000,528.200,0.480,22.000,77.000,1330.000,2641.000
2002,NOP,New Orleans Pelicans,0.250,2.250,0.111,204.250,408.750,0.495,1.000,9.000,817.000,1635.000
2002,NYK,New York Knicks,0.400,0.800,0.334,215.400,457.800,0.451,2.000,4.000,1077.000,2289.000
2002,OKC,Oklahoma City Thunder,22.333,63.333,0.236,122.500,276.833,0.451,134.000,380.000,735.000,1661.000
2002,ORL,Orlando Magic,20.250,52.125,0.135,100.250,219.875,0.474,162.000,417.000,802.000,1759.000
2002,PHI,Philadelphia 76ers,18.200,50.200,0.399,183.200,365.400,0.471,91.000,251.000,916.000,1827.000
2002,PHX,Phoenix Suns,0.286,2.143,0.050,125.571,260.571,0.464,2.000,15.000,879.000,1824.000
2002,POR,Portland Trail Blazers,16.571,46.714,0.298,161.571,314.429,0.366,116.000,327.000,1131.000,2201.000
2002,SAC,Sacramento Kings,2.200,10.000,0.159,250.600,529.600,0.470,11.000,50.000,1253.000,2648.000
2002,SAS,San Antonio Spurs,1.800,6.400,0.252,263.600,536.800,0.428,9.000,32.000,1318.000,2684.000
2002,TOR,Toronto Raptors,0.300,1.800,0.146,99.700,217.500,0.442,3.000,18.000,997.000,2175.000
2002,UTA,Utah Jazz,8.000,24.667,0.184,177.500,387.667,0.437,48.000,148.000,1065.000,2326.000
2002,WAS,Washington Wizards,0.286,2.857,0.042,108.571,224.714,0.454,2.000,20.000,760.000,1573.000
2004,ATL,Atlanta Hawks,4.429,12.571,0.195,73.571,162.857,0.497,31.000,88.000,515.000,1140.000
2004,BKN,Brooklyn Nets,5.000,15.600,0.289,127.600,285.000,0.549,25.000,78.000,638.000,1425.000
2004,BOS,Boston Celtics,20.500,57.250,0.121,209.250,391.250,0.523,82.000,229.000,837.000,1565.000
2004,CHA,Charlotte Hornets,0.000,0.200,0.000,220.800,475.400,0.459,0.000,1.000,1104.000,2377.000
2004,CHI,Chicago Bulls,0.000,0.333,0.000,170.500,337.667,0.473,0.000,2.000,1023.000,2026.000
2004,CLE,Cleveland Cavaliers,1.167,8.000,0.077,203.833,429.333,0.423,7.000,48.000,1223.000,2576.000
2004,DAL,Dallas Mavericks,15.167,38.833,0.133,163.333,333.167,0.488,91.000,233.000,980.000,1999.000
2004,DEN,Denver Nuggets,0.200,4.200,0.083,203.800,418.800,0.454,1.000,21.000,1019.000,2094.000
2004,DET,Detroit Pistons,15.200,49.600,0.107,204.200,430.600,0.405,76.000,248.000,1021.000,2153.000
2004,GSW,Golden State Warriors,19.667,49.667,0.200,178.000,395.667,0.501,59.000,149.000,534.000,1187.000
2004,HOU,Houston Rockets,8.333,21.167,0.199,164.667,326.667,0.465,50.000,127.000,988.000,1960.000
2004,IND,Indiana Pacers,6.571,26.571,0.107,129.286,272.571,0.456,46.000,186.000,905.000,1908.000
2004,LAC,Los Angeles Clippers,0.167,1.667,0.050,221.333,434.333,0.502,1.000,10.000,1328.000,2606.000
2004,LAL,Los Angeles Lakers,19.000,53.167,0.175,149.167,304.167,0.470,114.000,319.000,895.000,1825.000
2004,MEM,Memphis Grizzlies,9.000,27.600,0.130,208.600,444.800,0.464,45.000,138.000,1043.000,2224.000
2004,MIA,Miami Heat,0.600,3.200,0.203,254.600,454.200,0.530,3.000,16.000,1273.000,2271.000
2004,MIL,Milwaukee Bucks,0.000,1.333,0.000,145.500,293.833,0.442,0.000,8.000,873.000,1763.000
2004,MIN,Minnesota Timberwolves,12.333,38.333,0.523,179.333,368.500,0.483,74.000,230.000,1076.000,2211.000
2004,NOP,New Orleans Pelicans,11.286,33.143,0.210,106.286,235.429,0.392,79.000,232.000,744.000,1648.000
2004,NYK,New York Knicks,0.750,2.000,0.278,168.250,345.000,0.574,3.000,8.000,673.000,1380.000
2004,OKC,Oklahoma City Thunder,18.286,48.143,0.078,114.429,229.714,0.495,128.000,337.000,801.000,1608.000
2004,ORL,Orlando Magic,7.000,22.286,0.083,119.571,236.857,0.490,49.000,156.000,837.000,1658.000
2004,PHI,Philadelphia 76ers,10.500,32.750,0.220,163.250,337.250,0.464,42.000,131.000,653.000,1349.000
2004,PHX,Phoenix Suns,19.500,59.667,0.174,237.000,431.833,0.495,117.000,358.000,1422.000,2591.000
2004,POR,Portland Trail Blazers,3.000,9.000,0.193,195.600,395.800,0.488,15.000,45.000,978.000,1979.000
2004,SAC,Sacramento Kings,1.667,8.000,0.088,202.667,385.667,0.504,5.000,24.000,608.000,1157.000
2004,SAS,San Antonio Spurs,10.800,30.000,0.234,183.800,391.800,0.433,54.000,150.000,919.000,1959.000
2004,TOR,Toronto Raptors,32.333,78.167,0.295,159.667,331.333,0.464,194.000,469.000,958.000,1988.000
2004,UTA,Utah Jazz,5.250,18.625,0.150,148.000,304.750,0.455,42.000,149.000,1184.000,2438.000
2004,WAS,Washington Wizards,10.143,29.857,0.171,140.143,291.286,0.465,71.000,209.000,981.000,2039.000
2006,ATL,Atlanta Hawks,2.125,9.375,0.230,116.125,252.500,0.456,17.000,75.000,929.000,2020.000
2006,BKN,Brooklyn Nets,4.167,11.667,0.095,114.667,217.000,0.409,25.000,70.000,688.000,1302.000
2006,BOS,Boston Celtics,7.625,20.000,0.214,131.250,269.750,0.441,61.000,160.000,1050.000,2158.000
2006,CHA,Charlotte Hornets,17.875,47.375,0.450,154.000,323.000,0.488,143.000,379.000,1232.000,2584.000
2006,CHI,Chicago Bulls,11.571,32.143,0.097,125.714,277.857,0.447,81.000,225.000,880.000,1945.000
2006,CLE,Cleveland Cavaliers,16.000,47.833,0.130,178.500,368.500,0.398,96.000,287.000,1071.000,2211.000
2006,DAL,Dallas Mavericks,14.000,37.857,0.234,136.286,261.286,0.479,98.000,265.000,954.000,1829.000
2006,DEN,Denver Nuggets,12.000,34.000,0.076,151.429,287.143,0.553,84.000,238.000,1060.000,2010.000
2006,DET,Detroit Pistons,17.333,49.833,0.175,139.500,279.167,0.511,104.000,299.000,837.000,1675.000
2006,GSW,Golden State Warriors,23.667,65.667,0.356,117.833,218.667,0.444,142.000,394.000,707.000,1312.000
2006,HOU,Houston Rockets,0.000,0.500,0.000,252.250,492.500,0.528,0.000,2.000,1009.000,1970.000
2006,IND,Indiana Pacers,0.750,3.750,0.143,174.000,380.000,0.523,3.000,15.000,696.000,1520.000
2006,LAC,Los Angeles Clippers,23.333,62.167,0.319,196.500,400.000,0.468,140.000,373.000,1179.000,2400.000
2006,LAL,Los Angeles Lakers,23.333,70.000,0.173,172.500,323.000,0.531,140.000,420.000,1035.000,1938.000
2006,MEM,Memphis Grizzlies,3.500,11.667,0.136,200.333,384.667,0.521,21.000,70.000,1202.000,2308.000
2006,MIA,Miami Heat,12.000,44.429,0.069,167.143,322.714,0.471,84.000,311.000,1170.000,2259.000
2006,MIL,Milwaukee Bucks,13.375,38.625,0.266,111.375,227.375,0.440,107.000,309.000,891.000,1819.000
2006,MIN,Minnesota Timberwolves,3.500,15.667,0.126,226.667,454.333,0.453,21.000,94.000,1360.000,2726.000
2006,NOP,New Orleans Pelicans,2.571,8.286,0.131,148.714,297.286,0.478,18.000,58.000,1041.000,2081.000
2006,NYK,New York Knicks,0.857,3.857,0.472,176.000,338.714,0.417,6.000,27.000,1232.000,2371.000
2006,OKC,Oklahoma City Thunder,0.000,1.429,0.000,151.429,293.286,0.497,0.000,10.000,1060.000,2053.000
2006,ORL,Orlando Magic,2.000,6.000,0.211,166.000,311.500,0.473,12.000,36.000,996.000,1869.000
2006,PHI,Philadelphia 76ers,0.000,0.500,0.000,102.833,186.167,0.485,0.000,3.000,617.000,1117.000
2006,PHX,Phoenix Suns,4.200,14.400,0.121,208.600,376.400,0.483,21.000,72.000,1043.000,1882.000
2006,POR,Portland Trail Blazers,3.714,15.714,0.162,191.857,402.857,0.453,26.000,110.000,1343.000,2820.000
2006,SAC,Sacramento Kings,1.143,8.143,0.060,138.571,282.429,0.409,8.000,57.000,970.000,1977.000
2006,SAS,San Antonio Spurs,14.500,42.333,0.208,174.167,327.167,0.494,87.000,254.000,1045.000,1963.000
2006,TOR,Toronto Raptors,25.571,71.286,0.312,169.571,341.429,0.475,179.000,499.000,1187.000,2390.000
2006,UTA,Utah Jazz,26.000,67.800,0.359,263.600,501.800,0.488,130.000,339.000,1318.000,2509.000
2006,WAS,Washington Wizards,17.875,51.250,0.253,121.250,234.500,0.478,143.000,410.000,970.000,1876.000
2008,ATL,Atlanta Hawks,4.500,15.500,0.200,157.833,303.000,0.518,27.000,93.000,947.000,1818.000
2008,BKN,Brooklyn Nets,20.333,59.333,0.227,142.167,292.500,0.477,122.000,356.000,853.000,1755.000
2008,BOS,Boston Celtics,5.600,15.200,0.261,213.000,408.800,0.507,28.000,76.000,1065.000,2044.000
2008,CHA,Charlotte Hornets,0.167,0.500,0.500,90.333,175.167,0.408,1.000,3.000,542.000,1051.000
2008,CHI,Chicago Bulls,1.000,3.667,0.111,197.667,403.667,0.500,3.000,11.000,593.000,1211.000
2008,CLE,Cleveland Cavaliers,2.500,7.167,0.128,135.500,274.500,0.464,15.000,43.000,813.000,1647.000
2008,DAL,Dallas Mavericks,18.500,54.000,0.228,312.750,602.250,0.555,74.000,216.000,1251.000,2409.000
2008,DEN,Denver Nuggets,3.800,12.000,0.264,199.600,357.600,0.547,19.000,60.000,998.000,1788.000
2008,DET,Detroit Pistons,18.833,53.667,0.118,138.667,264.333,0.522,113.000,322.000,832.000,1586.000
2008,GSW,Golden State Warriors,6.500,24.167,0.108,187.833,366.000,0.496,39.000,145.000,1127.000,2196.000
2008,HOU,Houston Rockets,0.333,1.833,0.333,212.667,394.333,0.488,2.000,11.000,1276.000,2366.000
2008,IND,Indiana Pacers,27.167,62.833,0.147,143.333,288.167,0.504,163.000,377.000,860.000,1729.000
2008,LAC,Los Angeles Clippers,20.000,48.833,0.166,116.000,225.667,0.510,120.000,293.000,696.000,1354.000
2008,LAL,Los Angeles Lakers,5.667,17.667,0.273,222.167,413.333,0.492,34.000,106.000,1333.000,2480.000
2008,MEM,Memphis Grizzlies,1.000,5.200,0.072,205.600,412.200,0.494,5.000,26.000,1028.000,2061.000
2008,MIA,Miami Heat,8.800,21.600,0.407,178.600,363.800,0.470,44.000,108.000,893.000,1819.000
2008,MIL,Milwaukee Bucks,15.000,44.833,0.119,180.000,368.500,0.489,90.000,269.000,1080.000,2211.000
2008,MIN,Minnesota Timberwolves,5.333,19.333,0.108,191.333,385.667,0.419,32.000,116.000,1148.000,2314.000
2008,NOP,New Orleans Pelicans,1.600,7.400,0.147,203.400,408.800,0.500,8.000,37.000,1017.000,2044.000
2008,NYK,New York Knicks,0.000,1.000,0.000,175.667,319.333,0.642,0.000,3.000,527.000,958.000
2008,OKC,Oklahoma City Thunder,16.000,41.500,0.195,146.333,296.000,0.590,96.000,249.000,878.000,1776.000
2008,ORL,Orlando Magic,55.750,141.500,0.405,269.750,503.000,0.529,223.000,566.000,1079.000,2012.000
2008,PHI,Philadelphia 76ers,11.857,32.857,0.209,167.000,335.143,0.486,83.000,230.000,1169.000,2346.000
2008,PHX,Phoenix Suns,24.000,70.200,0.154,257.200,460.000,0.543,120.000,351.000,1286.000,2300.000
2008,POR,Portland Trail Blazers,3.167,10.500,0.396,178.500,347.833,0.497,19.000,63.000,1071.000,2087.000
2008,SAC,Sacramento Kings,13.333,41.000,0.174,230.667,467.333,0.454,40.000,123.000,692.000,1402.000
2008,SAS,San Antonio Spurs,21.167,52.333,0.132,155.333,300.667,0.596,127.000,314.000,932.000,1804.000
2008,TOR,Toronto Raptors,32.750,85.000,0.327,232.000,482.500,0.371,131.000,340.000,928.000,1930.000
2008,UTA,Utah Jazz,15.714,39.857,0.240,194.143,385.143,0.507,110.000,279.000,1359.000,2696.000
2008,WAS,Washington Wizards,18.714,54.857,0.229,195.571,392.571,0.486,131.000,384.000,1369.000,2748.000
2010,ATL,Atlanta Hawks,9.000,26.667,0.458,200.167,389.000,0.487,54.000,160.000,1201.000,2334.000
2010,BKN,Brooklyn Nets,0.000,2.000,0.000,360.000,725.333,0.490,0.000,6.000,1080.000,2176.000
2010,BOS,Boston Celtics,0.750,5.250,0.111,243.500,478.000,0.528,3.000,21.000,974.000,1912.000
2010,CHA,Charlotte Hornets,17.800,52.600,0.223,135.200,262.600,0.455,89.000,263.000,676.000,1313.000
2010,CHI,Chicago Bulls,0.333,2.500,0.281,176.167,346.667,0.547,2.000,15.000,1057.000,2080.000
2010,CLE,Cleveland Cavaliers,18.200,54.600,0.086,213.400,443.000,0.503,91.000,273.000,1067.000,2215.000
2010,DAL,Dallas Mavericks,16.500,42.750,0.131,248.250,434.000,0.586,66.000,171.000,993.000,1736.000
2010,DEN,Denver Nuggets,24.000,68.600,0.195,171.600,307.200,0.552,120.000,343.000,858.000,1536.000
2010,DET,Detroit Pistons,25.200,65.400,0.222,167.400,318.200,0.513,126.000,327.000,837.000,1591.000
2010,GSW,Golden State Warriors,11.833,29.333,0.369,151.167,307.500,0.470,71.000,176.000,907.000,1845.000
2010,HOU,Houston Rockets,5.714,16.571,0.075,178.286,347.714,0.509,40.000,116.000,1248.000,2434.000
2010,IND,Indiana Pacers,4.600,14.000,0.077,202.400,421.400,0.480,23.000,70.000,1012.000,2107.000
2010,LAC,Los Angeles Clippers,6.833,18.167,0.180,220.833,415.000,0.536,41.000,109.000,1325.000,2490.000
2010,LAL,Los Angeles Lakers,13.800,36.200,0.358,253.400,463.400,0.464,69.000,181.000,1267.000,2317.000
2010,MEM,Memphis Grizzlies,2.750,14.250,0.154,322.750,626.000,0.518,11.000,57.000,1291.000,2504.000
2010,MIA,Miami Heat,0.750,3.375,0.080,112.250,221.500,0.502,6.000,27.000,898.000,1772.000
2010,MIL,Milwaukee Bucks,5.571,21.714,0.112,152.429,321.286,0.473,39.000,152.000,1067.000,2249.000
2010,MIN,Minnesota Timberwolves,29.333,70.333,0.417,267.000,552.000,0.490,88.000,211.000,801.000,1656.000
2010,NOP,New Orleans Pelicans,0.333,2.000,0.074,173.667,335.000,0.483,2.000,12.000,1042.000,2010.000
2010,NYK,New York Knicks,44.500,118.500,0.394,261.000,516.250,0.516,178.000,474.000,1044.000,2065.000
2010,OKC,Oklahoma City Thunder,11.200,37.000,0.152,140.600,267.000,0.491,56.000,185.000,703.000,1335.000
2010,ORL,Orlando Magic,33.500,87.500,0.131,263.500,473.750,0.492,134.000,350.000,1054.000,1895.000
2010,PHI,Philadelphia 76ers,2.571,10.286,0.239,200.857,391.714,0.476,18.000,72.000,1406.000,2742.000
2010,PHX,Phoenix Suns,35.500,91.167,0.301,109.000,218.167,0.502,213.000,547.000,654.000,1309.000
2010,POR,Portland Trail Blazers,6.600,21.200,0.378,189.400,384.200,0.495,33.000,106.000,947.000,1921.000
2010,SAC,Sacramento Kings,1.200,6.800,0.110,208.400,445.800,0.481,6.000,34.000,1042.000,2229.000
2010,SAS,San Antonio Spurs,21.000,47.600,0.091,209.600,417.800,0.501,105.000,238.000,1048.000,2089.000
2010,TOR,Toronto Raptors,12.833,37.500,0.115,173.500,338.833,0.459,77.000,225.000,1041.000,2033.000
2010,UTA,Utah Jazz,2.333,6.667,0.235,214.500,424.167,0.498,14.000,40.000,1287.000,2545.000
2010,WAS,Washington Wizards,1.167,5.833,0.113,184.167,379.667,0.538,7.000,35.000,1105.000,2278.000
2012,ATL,Atlanta Hawks,11.000,38.000,0.188,246.167,478.000,0.496,66.000,228.000,1477.000,2868.000
2012,BKN,Brooklyn Nets,8.000,26.600,0.120,242.200,478.600,0.484,40.000,133.000,1211.000,2393.000
2012,BOS,Boston Celtics,8.111,22.889,0.142,141.667,277.222,0.479,73.000,206.000,1275.000,2495.000
2012,CHA,Charlotte Hornets,11.500,36.667,0.138,87.500,206.000,0.400,69.000,220.000,525.000,1236.000
2012,CHI,Chicago Bulls,1.000,8.000,0.037,227.000,478.800,0.465,5.000,40.000,1135.000,2394.000
2012,CLE,Cleveland Cavaliers,3.333,13.333,0.060,148.167,319.167,0.440,20.000,80.000,889.000,1915.000
2012,DAL,Dallas Mavericks,12.375,34.000,0.149,182.250,352.125,0.507,99.000,272.000,1458.000,2817.000
2012,DEN,Denver Nuggets,7.571,19.857,0.236,177.000,321.857,0.514,53.000,139.000,1239.000,2253.000
2012,DET,Detroit Pistons,19.333,58.000,0.287,193.333,389.167,0.529,116.000,348.000,1160.000,2335.000
2012,GSW,Golden State Warriors,0.400,1.600,0.444,218.400,425.600,0.485,2.000,8.000,1092.000,2128.000
2012,HOU,Houston Rockets,5.800,20.800,0.138,122.800,218.800,0.513,29.000,104.000,614.000,1094.000
2012,IND,Indiana Pacers,1.167,5.333,0.192,211.833,453.167,0.428,7.000,32.000,1271.000,2719.000
2012,LAC,Los Angeles Clippers,3.833,19.667,0.190,189.000,337.167,0.504,23.000,118.000,1134.000,2023.000
2012,LAL,Los Angeles Lakers,21.333,62.167,0.230,190.667,363.833,0.491,128.000,373.000,1144.000,2183.000
2012,MEM,Memphis Grizzlies,2.667,18.333,0.145,351.333,732.333,0.477,8.000,55.000,1054.000,2197.000
2012,MIA,Miami Heat,22.250,58.375,0.389,178.000,314.125,0.560,178.000,467.000,1424.000,2513.000
2012,MIL,Milwaukee Bucks,13.857,32.286,0.274,145.286,300.714,0.433,97.000,226.000,1017.000,2105.000
2012,MIN,Minnesota Timberwolves,14.167,49.000,0.183,205.333,425.833,0.494,85.000,294.000,1232.000,2555.000
2012,NOP,New Orleans Pelicans,42.600,113.400,0.127,232.200,457.400,0.536,213.000,567.000,1161.000,2287.000
2012,NYK,New York Knicks,26.556,69.333,0.530,132.667,253.778,0.457,239.000,624.000,1194.000,2284.000
2012,OKC,Oklahoma City Thunder,4.000,12.400,0.117,164.200,291.400,0.544,20.000,62.000,821.000,1457.000
2012,ORL,Orlando Magic,5.833,20.500,0.115,199.500,396.833,0.492,35.000,123.000,1197.000,2381.000
2012,PHI,Philadelphia 76ers,6.400,19.200,0.160,230.800,459.600,0.502,32.000,96.000,1154.000,2298.000
2012,PHX,Phoenix Suns,9.800,31.600,0.181,226.400,474.600,0.458,49.000,158.000,1132.000,2373.000
2012,POR,Portland Trail Blazers,11.167,33.833,0.184,216.667,427.667,0.457,67.000,203.000,1300.000,2566.000
2012,SAC,Sacramento Kings,1.333,8.667,0.061,312.000,648.333,0.473,4.000,26.000,936.000,1945.000
2012,SAS,San Antonio Spurs,14.167,34.833,0.185,195.167,366.500,0.538,85.000,209.000,1171.000,2199.000
2012,TOR,Toronto Raptors,8.800,27.600,0.398,151.200,285.000,0.529,44.000,138.000,756.000,1425.000
2012,UTA,Utah Jazz,3.200,12.600,0.290,306.200,607.800,0.531,16.000,63.000,1531.000,3039.000
2012,WAS,Washington Wizards,1.167,7.167,0.049,198.833,421.500,0.473,7.000,43.000,1193.000,2529.000
2014,ATL,Atlanta Hawks,35.833,106.667,0.286,196.833,375.000,0.509,215.000,640.000,1181.000,2250.000
2014,BKN,Brooklyn Nets,11.500,39.167,0.168,162.500,308.500,0.503,69.000,235.000,975.000,1851.000
2014,BOS,Boston Celtics,30.500,97.750,0.304,281.000,536.750,0.524,122.000,391.000,1124.000,2147.000
2014,CHA,Charlotte Hornets,17.167,47.333,0.536,162.833,341.333,0.467,103.000,284.000,977.000,2048.000
2014,CHI,Chicago Bulls,18.500,56.833,0.259,195.333,402.167,0.431,111.000,341.000,1172.000,2413.000
2014,CLE,Cleveland Cavaliers,28.800,78.800,0.183,132.400,256.000,0.461,144.000,394.000,662.000,1280.000
2014,DAL,Dallas Mavericks,37.400,99.000,0.378,157.000,289.000,0.537,187.000,495.000,785.000,1445.000
2014,DEN,Denver Nuggets,6.000,27.600,0.110,184.600,382.600,0.472,30.000,138.000,923.000,1913.000
2014,DET,Detroit Pistons,0.000,0.667,0.000,317.667,624.667,0.531,0.000,2.000,953.000,1874.000
2014,GSW,Golden State Warriors,16.571,49.857,0.205,144.143,275.000,0.551,116.000,349.000,1009.000,1925.000
2014,HOU,Houston Rockets,12.600,34.600,0.305,158.600,284.600,0.544,63.000,173.000,793.000,1423.000
2014,IND,Indiana Pacers,1.667,8.000,0.154,201.167,423.833,0.487,10.000,48.000,1207.000,2543.000
2014,LAC,Los Angeles Clippers,13.200,41.800,0.241,235.600,432.600,0.519,66.000,209.000,1178.000,2163.000
2014,LAL,Los Angeles Lakers,8.000,24.333,0.203,198.833,410.167,0.441,48.000,146.000,1193.000,2461.000
2014,MEM,Memphis Grizzlies,2.833,11.000,0.256,215.333,434.500,0.589,17.000,66.000,1292.000,2607.000
2014,MIA,Miami Heat,14.167,40.667,0.308,141.333,266.500,0.538,85.000,244.000,848.000,1599.000
2014,MIL,Milwaukee Bucks,11.143,29.857,0.213,127.000,257.143,0.474,78.000,209.000,889.000,1800.000
2014,MIN,Minnesota Timberwolves,1.143,4.143,0.235,78.429,167.714,0.505,8.000,29.000,549.000,1174.000
2014,NOP,New Orleans Pelicans,20.667,63.500,0.174,231.667,448.500,0.505,124.000,381.000,1390.000,2691.000
2014,NYK,New York Knicks,9.600,28.600,0.341,145.200,314.400,0.463,48.000,143.000,726.000,1572.000
2014,OKC,Oklahoma City Thunder,23.250,67.250,0.161,173.000,333.500,0.516,93.000,269.000,692.000,1334.000
2014,ORL,Orlando Magic,29.333,80.833,0.265,172.000,335.000,0.498,176.000,485.000,1032.000,2010.000
2014,PHI,Philadelphia 76ers,11.000,39.833,0.098,131.833,281.500,0.496,66.000,239.000,791.000,1689.000
2014,PHX,Phoenix Suns,43.000,124.750,0.377,215.500,439.000,0.444,172.000,499.000,862.000,1756.000
2014,POR,Portland Trail Blazers,16.800,43.600,0.257,258.200,515.800,0.521,84.000,218.000,1291.000,2579.000
2014,SAC,Sacramento Kings,5.667,18.667,0.113,129.778,267.111,0.505,51.000,168.000,1168.000,2404.000
2014,SAS,San Antonio Spurs,17.167,51.000,0.305,185.000,350.000,0.533,103.000,306.000,1110.000,2100.000
2014,TOR,Toronto Raptors,17.000,48.500,0.229,141.125,243.625,0.545,136.000,388.000,1129.000,1949.000
2014,UTA,Utah Jazz,6.000,18.400,0.171,189.000,347.800,0.515,30.000,92.000,945.000,1739.000
2014,WAS,Washington Wizards,4.000,12.667,0.118,216.667,421.500,0.489,24.000,76.000,1300.000,2529.000
2016,ATL,Atlanta Hawks,24.667,74.000,0.272,158.667,296.500,0.453,148.000,444.000,952.000,1779.000
2016,BKN,Brooklyn Nets,48.800,148.600,0.317,179.800,328.400,0.557,244.000,743.000,899.000,1642.000
2016,BOS,Boston Celtics,37.667,105.333,0.244,138.833,250.167,0.537,226.000,632.000,833.000,1501.000
2016,CHA,Charlotte Hornets,48.000,142.800,0.169,128.600,252.400,0.488,240.000,714.000,643.000,1262.000
2016,CHI,Chicago Bulls,40.250,118.750,0.225,197.500,380.250,0.534,161.000,475.000,790.000,1521.000
2016,CLE,Cleveland Cavaliers,56.400,146.000,0.196,119.600,224.000,0.469,282.000,730.000,598.000,1120.000
2016,DAL,Dallas Mavericks,30.375,89.875,0.309,136.375,271.125,0.435,243.000,719.000,1091.000,2169.000
2016,DEN,Denver Nuggets,28.800,75.000,0.296,155.000,267.000,0.622,144.000,375.000,775.000,1335.000
2016,DET,Detroit Pistons,28.333,87.167,0.303,228.667,428.667,0.520,170.000,523.000,1372.000,2572.000
2016,GSW,Golden State Warriors,22.778,67.222,0.219,139.556,244.778,0.533,205.000,605.000,1256.000,2203.000
2016,HOU,Houston Rockets,38.857,103.143,0.302,156.429,258.000,0.526,272.000,722.000,1095.000,1806.000
2016,IND,Indiana Pacers,12.286,35.571,0.135,167.000,317.571,0.484,86.000,249.000,1169.000,2223.000
2016,LAC,Los Angeles Clippers,23.667,65.833,0.260,184.167,317.833,0.474,142.000,395.000,1105.000,1907.000
2016,LAL,Los Angeles Lakers,4.667,17.667,0.175,181.500,347.333,0.527,28.000,106.000,1089.000,2084.000
2016,MEM,Memphis Grizzlies,31.500,88.833,0.270,198.500,404.000,0.504,189.000,533.000,1191.000,2424.000
2016,MIA,Miami Heat,18.833,54.667,0.272,174.500,321.167,0.497,113.000,328.000,1047.000,1927.000
2016,MIL,Milwaukee Bucks,30.857,87.286,0.239,169.429,321.429,0.585,216.000,611.000,1186.000,2250.000
2016,MIN,Minnesota Timberwolves,29.333,85.000,0.314,197.000,356.667,0.507,176.000,510.000,1182.000,2140.000
2016,NOP,New Orleans Pelicans,20.333,61.000,0.231,172.500,329.333,0.512,122.000,366.000,1035.000,1976.000
2016,NYK,New York Knicks,22.429,62.714,0.222,142.571,283.714,0.492,157.000,439.000,998.000,1986.000
2016,OKC,Oklahoma City Thunder,11.600,40.600,0.191,186.000,340.800,0.557,58.000,203.000,930.000,1704.000
2016,ORL,Orlando Magic,15.200,53.600,0.291,163.600,339.000,0.458,76.000,268.000,818.000,1695.000
2016,PHI,Philadelphia 76ers,23.250,70.875,0.333,121.500,234.750,0.538,186.000,567.000,972.000,1878.000
2016,PHX,Phoenix Suns,30.000,90.167,0.245,139.833,259.333,0.543,180.000,541.000,839.000,1556.000
2016,POR,Portland Trail Blazers,37.750,111.250,0.342,95.750,202.750,0.475,151.000,445.000,383.000,811.000
2016,SAC,Sacramento Kings,18.600,48.600,0.153,141.200,260.200,0.545,93.000,243.000,706.000,1301.000
2016,SAS,San Antonio Spurs,24.667,55.500,0.449,196.167,374.833,0.561,148.000,333.000,1177.000,2249.000
2016,TOR,Toronto Raptors,17.000,48.667,0.286,121.833,219.500,0.537,102.000,292.000,731.000,1317.000
2016,UTA,Utah Jazz,14.833,50.167,0.186,149.333,271.000,0.545,89.000,301.000,896.000,1626.000
2016,WAS,Washington Wizards,21.600,55.200,0.279,187.800,350.800,0.528,108.000,276.000,939.000,1754.000
2018,ATL,Atlanta Hawks,43.444,117.556,0.311,115.556,203.444,0.544,391.000,1058.000,1040.000,1831.000
2018,BKN,Brooklyn Nets,33.000,101.800,0.165,138.400,237.600,0.584,165.000,509.000,692.000,1188.000
2018,BOS,Boston Celtics,47.500,133.500,0.348,133.625,238.625,0.572,380.000,1068.000,1069.000,1909.000
2018,CHA,Charlotte Hornets,37.833,104.833,0.345,129.333,241.500,0.538,227.000,629.000,776.000,1449.000
2018,CHI,Chicago Bulls,33.250,99.750,0.194,197.000,370.250,0.531,133.000,399.000,788.000,1481.000
2018,CLE,Cleveland Cavaliers,23.600,64.800,0.368,133.400,253.200,0.470,118.000,324.000,667.000,1266.000
2018,DAL,Dallas Mavericks,38.200,116.800,0.324,92.800,155.800,0.452,191.000,584.000,464.000,779.000
2018,DEN,Denver Nuggets,33.375,104.750,0.290,162.875,291.750,0.569,267.000,838.000,1303.000,2334.000
2018,DET,Detroit Pistons,48.750,143.750,0.146,284.000,531.000,0.540,195.000,575.000,1136.000,2124.000
2018,GSW,Golden State Warriors,19.125,60.000,0.254,97.375,168.750,0.563,153.000,480.000,779.000,1350.000
2018,HOU,Houston Rockets,26.250,75.000,0.223,81.500,136.125,0.603,210.000,600.000,652.000,1089.000
2018,IND,Indiana Pacers,20.857,57.714,0.351,180.286,322.143,0.434,146.000,404.000,1262.000,2255.000
2018,LAC,Los Angeles Clippers,1.000,5.200,0.170,137.600,228.800,0.482,5.000,26.000,688.000,1144.000
2018,LAL,Los Angeles Lakers,30.800,106.000,0.170,190.600,326.400,0.568,154.000,530.000,953.000,1632.000
2018,MEM,Memphis Grizzlies,25.500,72.000,0.232,129.500,237.750,0.538,102.000,288.000,518.000,951.000
2018,MIA,Miami Heat,28.000,85.333,0.169,156.167,272.333,0.521,168.000,512.000,937.000,1634.000
2018,MIL,Milwaukee Bucks,70.800,206.600,0.340,204.800,339.800,0.554,354.000,1033.000,1024.000,1699.000
2018,MIN,Minnesota Timberwolves,63.250,165.000,0.360,255.000,456.750,0.521,253.000,660.000,1020.000,1827.000
2018,NOP,New Orleans Pelicans,29.250,87.250,0.281,341.000,599.750,0.582,117.000,349.000,1364.000,2399.000
2018,NYK,New York Knicks,43.833,128.833,0.330,112.167,226.667,0.500,263.000,773.000,673.000,1360.000
2018,OKC,Oklahoma City Thunder,32.200,86.400,0.243,194.600,339.200,0.435,161.000,432.000,973.000,1696.000
2018,ORL,Orlando Magic,47.429,138.857,0.281,194.571,364.714,0.548,332.000,972.000,1362.000,2553.000
2018,PHI,Philadelphia 76ers,31.250,100.250,0.238,154.000,281.000,0.551,125.000,401.000,616.000,1124.000
2018,PHX,Phoenix Suns,6.000,30.000,0.117,199.750,332.500,0.638,24.000,120.000,799.000,1330.000
2018,POR,Portland Trail Blazers,47.250,135.250,0.307,202.250,380.000,0.549,189.000,541.000,809.000,1520.000
2018,SAC,Sacramento Kings,26.800,72.200,0.303,233.200,436.000,0.524,134.000,361.000,1166.000,2180.000
2018,SAS,San Antonio Spurs,32.375,78.875,0.306,163.000,303.125,0.515,259.000,631.000,1304.000,2425.000
2018,TOR,Toronto Raptors,46.667,140.000,0.328,292.333,492.667,0.584,140.000,420.000,877.000,1478.000
2018,UTA,Utah Jazz,35.714,95.857,0.305,156.429,248.714,0.572,250.000,671.000,1095.000,1741.000
2018,WAS,Washington Wizards,29.400,87.400,0.217,115.600,185.400,0.599,147.000,437.000,578.000,927.000
2020,ATL,Atlanta Hawks,37.143,101.714,0.218,149.429,260.000,0.525,260.000,712.000,1046.000,1820.000
2020,BKN,Brooklyn Nets,24.250,59.250,0.203,93.000,150.625,0.500,194.000,474.000,744.000,1205.000
2020,BOS,Boston Celtics,21.200,58.400,0.185,93.400,157.800,0.595,106.000,292.000,467.000,789.000
2020,CHA,Charlotte Hornets,38.833,102.833,0.179,121.167,217.000,0.558,233.000,617.000,727.000,1302.000
2020,CHI,Chicago Bulls,46.250,120.250,0.265,174.250,310.750,0.578,185.000,481.000,697.000,1243.000
2020,CLE,Cleveland Cavaliers,25.714,73.000,0.208,37.429,71.000,0.478,180.000,511.000,262.000,497.000
2020,DAL,Dallas Mavericks,51.667,135.333,0.272,108.000,185.000,0.580,310.000,812.000,648.000,1110.000
2020,DEN,Denver Nuggets,37.429,99.429,0.312,134.571,229.857,0.479,262.000,696.000,942.000,1609.000
2020,DET,Detroit Pistons,12.250,48.500,0.195,145.250,245.000,0.590,49.000,194.000,581.000,980.000
2020,GSW,Golden State Warriors,30.429,88.286,0.305,132.143,246.286,0.510,213.000,618.000,925.000,1724.000
2020,HOU,Houston Rockets,21.500,61.500,0.160,70.500,121.250,0.618,86.000,246.000,282.000,485.000
2020,IND,Indiana Pacers,42.500,124.667,0.299,155.500,261.333,0.590,255.000,748.000,933.000,1568.000
2020,LAC,Los Angeles Clippers,37.000,89.000,0.353,98.667,171.500,0.461,222.000,534.000,592.000,1029.000
2020,LAL,Los Angeles Lakers,20.429,63.857,0.263,113.714,198.429,0.443,143.000,447.000,796.000,1389.000
2020,MEM,Memphis Grizzlies,26.714,80.143,0.327,152.000,261.571,0.568,187.000,561.000,1064.000,1831.000
2020,MIA,Miami Heat,3.000,11.833,0.224,108.167,187.833,0.678,18.000,71.000,649.000,1127.000
2020,MIL,Milwaukee Bucks,59.250,166.750,0.309,260.000,427.750,0.570,237.000,667.000,1040.000,1711.000
2020,MIN,Minnesota Timberwolves,51.833,143.333,0.326,145.667,257.000,0.550,311.000,860.000,874.000,1542.000
2020,NOP,New Orleans Pelicans,5.000,15.667,0.205,190.500,310.000,0.570,30.000,94.000,1143.000,1860.000
2020,NYK,New York Knicks,37.800,98.400,0.229,173.600,319.000,0.610,189.000,492.000,868.000,1595.000
2020,OKC,Oklahoma City Thunder,43.875,133.750,0.311,118.250,228.750,0.529,351.000,1070.000,946.000,1830.000
2020,ORL,Orlando Magic,18.600,56.600,0.278,46.200,86.000,0.573,93.000,283.000,231.000,430.000
2020,PHI,Philadelphia 76ers,25.250,69.750,0.236,129.375,235.875,0.371,202.000,558.000,1035.000,1887.000
2020,PHX,Phoenix Suns,58.500,162.000,0.314,129.500,223.167,0.543,351.000,972.000,777.000,1339.000
2020,POR,Portland Trail Blazers,39.625,102.375,0.305,107.250,206.625,0.509,317.000,819.000,858.000,1653.000
2020,SAC,Sacramento Kings,28.333,81.000,0.252,173.833,296.000,0.576,170.000,486.000,1043.000,1776.000
2020,SAS,San Antonio Spurs,25.500,72.833,0.453,172.833,323.500,0.548,153.000,437.000,1037.000,1941.000
2020,TOR,Toronto Raptors,39.500,121.667,0.298,126.667,237.667,0.539,237.000,730.000,760.000,1426.000
2020,UTA,Utah Jazz,22.571,54.286,0.267,89.857,141.714,0.514,158.000,380.000,629.000,992.000
2020,WAS,Washington Wizards,39.167,104.833,0.287,104.333,179.000,0.600,235.000,629.000,626.000,1074.000
2022,ATL,Atlanta Hawks,24.667,84.667,0.200,317.333,495.333,0.640,74.000,254.000,952.000,1486.000
2022,BKN,Brooklyn Nets,2.667,6.000,0.315,168.333,250.667,0.608,8.000,18.000,505.000,752.000
2022,BOS,Boston Celtics,41.000,100.429,0.239,67.571,107.571,0.595,287.000,703.000,473.000,753.000
2022,CHA,Charlotte Hornets,38.600,114.200,0.469,152.000,265.800,0.579,193.000,571.000,760.000,1329.000
2022,CHI,Chicago Bulls,44.500,119.333,0.325,155.500,272.000,0.509,267.000,716.000,933.000,1632.000
2022,CLE,Cleveland Cavaliers,13.333,45.333,0.313,167.500,271.833,0.582,80.000,272.000,1005.000,1631.000
2022,DAL,Dallas Mavericks,33.500,90.333,0.303,103.167,158.500,0.732,201.000,542.000,619.000,951.000
2022,DEN,Denver Nuggets,34.667,101.167,0.442,222.167,340.333,0.656,208.000,607.000,1333.000,2042.000
2022,DET,Detroit Pistons,61.000,165.800,0.278,180.000,312.400,0.571,305.000,829.000,900.000,1562.000
2022,GSW,Golden State Warriors,27.400,79.600,0.233,151.800,244.800,0.700,137.000,398.000,759.000,1224.000
2022,HOU,Houston Rockets,44.400,136.000,0.278,201.400,381.600,0.553,222.000,680.000,1007.000,1908.000
2022,IND,Indiana Pacers,33.667,105.833,0.248,131.167,222.667,0.568,202.000,635.000,787.000,1336.000
2022,LAC,Los Angeles Clippers,58.200,153.000,0.330,119.000,209.800,0.542,291.000,765.000,595.000,1049.000
2022,LAL,Los Angeles Lakers,50.000,162.333,0.285,385.333,651.333,0.605,150.000,487.000,1156.000,1954.000
2022,MEM,Memphis Grizzlies,36.750,108.750,0.267,151.125,250.375,0.592,294.000,870.000,1209.000,2003.000
2022,MIA,Miami Heat,10.556,33.667,0.235,139.333,250.444,0.565,95.000,303.000,1254.000,2254.000
2022,MIL,Milwaukee Bucks,45.000,127.286,0.311,196.000,330.286,0.578,315.000,891.000,1372.000,2312.000
2022,MIN,Minnesota Timberwolves,39.143,106.286,0.318,163.714,268.286,0.609,274.000,744.000,1146.000,1878.000
2022,NOP,New Orleans Pelicans,20.167,62.833,0.293,201.000,339.833,0.597,121.000,377.000,1206.000,2039.000
2022,NYK,New York Knicks,62.200,184.200,0.226,196.000,328.800,0.635,311.000,921.000,980.000,1644.000
2022,OKC,Oklahoma City Thunder,39.143,114.571,0.313,122.143,229.143,0.550,274.000,802.000,855.000,1604.000
2022,ORL,Orlando Magic,46.000,145.833,0.326,176.833,318.167,0.571,276.000,875.000,1061.000,1909.000
2022,PHI,Philadelphia 76ers,40.000,106.286,0.299,146.143,248.857,0.611,280.000,744.000,1023.000,1742.000
2022,PHX,Phoenix Suns,32.000,90.250,0.312,229.750,392.250,0.579,128.000,361.000,919.000,1569.000
2022,POR,Portland Trail Blazers,28.000,77.300,0.314,107.400,193.700,0.539,280.000,773.000,1074.000,1937.000
2022,SAC,Sacramento Kings,30.111,82.889,0.288,121.000,197.556,0.537,271.000,746.000,1089.000,1778.000
2022,SAS,San Antonio Spurs,23.250,71.500,0.246,104.000,186.500,0.588,186.000,572.000,832.000,1492.000
2022,TOR,Toronto Raptors,26.500,88.500,0.283,141.250,256.000,0.598,212.000,708.000,1130.000,2048.000
2022,UTA,Utah Jazz,42.875,115.875,0.378,127.000,204.250,0.679,343.000,927.000,1016.000,1634.000
2022,WAS,Washington Wizards,35.111,101.444,0.256,129.444,219.889,0.537,316.000,913.000,1165.000,1979.000
2024,ATL,Atlanta Hawks,22.000,66.600,0.258,141.600,236.000,0.592,110.000,333.000,708.000,1180.000
2024,BKN,Brooklyn Nets,60.286,174.286,0.304,143.714,265.143,0.524,422.000,1220.000,1006.000,1856.000
2024,BOS,Boston Celtics,66.800,182.400,0.264,106.100,181.900,0.504,668.000,1824.000,1061.000,1819.000
2024,CHA,Charlotte Hornets,37.833,123.500,0.243,149.000,273.000,0.529,227.000,741.000,894.000,1638.000
2024,CHI,Chicago Bulls,50.000,137.667,0.276,110.167,194.333,0.635,300.000,826.000,661.000,1166.000
2024,CLE,Cleveland Cavaliers,33.400,94.000,0.186,189.200,290.000,0.588,167.000,470.000,946.000,1450.000
2024,DAL,Dallas Mavericks,19.667,57.333,0.320,124.833,207.667,0.599,118.000,344.000,749.000,1246.000
2024,DEN,Denver Nuggets,33.250,84.750,0.325,129.375,211.500,0.583,266.000,678.000,1035.000,1692.000
2024,DET,Detroit Pistons,23.200,69.000,0.317,180.000,294.400,0.614,116.000,345.000,900.000,1472.000
2024,GSW,Golden State Warriors,34.000,99.571,0.295,109.429,204.286,0.571,238.000,697.000,766.000,1430.000
2024,HOU,Houston Rockets,28.250,83.875,0.290,138.625,258.375,0.560,226.000,671.000,1109.000,2067.000
2024,IND,Indiana Pacers,46.900,122.100,0.248,108.600,185.100,0.596,469.000,1221.000,1086.000,1851.000
2024,LAC,Los Angeles Clippers,31.333,76.333,0.332,211.667,341.000,0.557,94.000,229.000,635.000,1023.000
2024,LAL,Los Angeles Lakers,27.750,71.500,0.173,110.500,175.000,0.630,111.000,286.000,442.000,700.000
2024,MEM,Memphis Grizzlies,58.000,158.000,0.312,178.000,305.000,0.587,406.000,1106.000,1246.000,2135.000
2024,MIA,Miami Heat,45.800,129.000,0.352,184.600,337.400,0.526,229.000,645.000,923.000,1687.000
2024,MIL,Milwaukee Bucks,46.200,129.200,0.279,251.800,420.000,0.529,231.000,646.000,1259.000,2100.000
2024,MIN,Minnesota Timberwolves,65.500,185.833,0.333,213.167,366.000,0.588,393.000,1115.000,1279.000,2196.000
2024,NOP,New Orleans Pelicans,17.800,56.200,0.227,164.400,286.000,0.584,89.000,281.000,822.000,1430.000
2024,NYK,New York Knicks,64.600,166.800,0.357,205.400,364.400,0.599,323.000,834.000,1027.000,1822.000
2024,OKC,Oklahoma City Thunder,36.000,99.333,0.304,99.167,170.333,0.584,216.000,596.000,595.000,1022.000
2024,ORL,Orlando Magic,38.600,136.800,0.256,185.200,326.000,0.586,193.000,684.000,926.000,1630.000
2024,PHI,Philadelphia 76ers,32.429,93.286,0.217,99.571,178.429,0.481,227.000,653.000,697.000,1249.000
2024,PHX,Phoenix Suns,48.000,117.750,0.194,183.500,306.250,0.632,192.000,471.000,734.000,1225.000
2024,POR,Portland Trail Blazers,46.571,131.143,0.322,128.429,235.286,0.561,326.000,918.000,899.000,1647.000
2024,SAC,Sacramento Kings,44.000,123.857,0.457,114.714,190.000,0.456,308.000,867.000,803.000,1330.000
2024,SAS,San Antonio Spurs,64.333,169.167,0.366,149.333,251.000,0.602,386.000,1015.000,896.000,1506.000
2024,TOR,Toronto Raptors,27.333,91.000,0.302,173.167,312.667,0.531,164.000,546.000,1039.000,1876.000
2024,UTA,Utah Jazz,44.857,130.143,0.306,129.000,211.429,0.556,314.000,911.000,903.000,1480.000
2024,WAS,Washington Wizards,38.250,119.250,0.251,106.500,205.000,0.570,153.000,477.000,426.000,820.000
1990,ATL,Atlanta Hawks,0.833,5.000,0.105,162.167,337.833,0.447,5.000,30.000,973.000,2027.000
1990,BKN,Brooklyn Nets,4.000,14.667,0.258,219.833,488.000,0.455,24.000,88.000,1319.000,2928.000
1990,BOS,Boston Celtics,3.000,9.286,0.131,190.429,343.286,0.506,21.000,65.000,1333.000,2403.000
1990,CHA,Charlotte Hornets,0.000,1.000,0.000,127.400,260.400,0.458,0.000,5.000,637.000,1302.000
1990,CHI,Chicago Bulls,0.500,2.833,0.183,194.667,386.667,0.495,3.000,17.000,1168.000,2320.000
1990,CLE,Cleveland Cavaliers,8.167,24.833,0.190,297.167,593.833,0.455,49.000,149.000,1783.000,3563.000
1990,DAL,Dallas Mavericks,4.000,14.000,0.205,193.714,395.571,0.495,28.000,98.000,1356.000,2769.000
1990,DEN,Denver Nuggets,1.000,5.400,0.196,191.200,425.000,0.456,5.000,27.000,956.000,2125.000
1990,DET,Detroit Pistons,7.667,24.167,0.386,170.667,350.833,0.480,46.000,145.000,1024.000,2105.000
1990,GSW,Golden State Warriors,1.571,5.143,0.183,98.143,211.857,0.443,11.000,36.000,687.000,1483.000
1990,HOU,Houston Rockets,0.500,3.000,0.086,210.333,407.667,0.477,3.000,18.000,1262.000,2446.000
1990,IND,Indiana Pacers,2.667,8.333,0.144,204.667,405.000,0.507,16.000,50.000,1228.000,2430.000
1990,LAC,Los Angeles Clippers,0.000,1.200,0.000,139.200,273.200,0.437,0.000,6.000,696.000,1366.000
1990,LAL,Los Angeles Lakers,5.667,22.500,0.210,189.667,364.833,0.481,34.000,135.000,1138.000,2189.000
1990,MIA,Miami Heat,0.800,4.000,0.200,201.000,424.400,0.469,4.000,20.000,1005.000,2122.000
1990,MIL,Milwaukee Bucks,14.667,50.667,0.176,239.333,472.833,0.488,88.000,304.000,1436.000,2837.000
1990,MIN,Minnesota Timberwolves,0.167,4.667,0.015,155.833,341.667,0.433,1.000,28.000,935.000,2050.000
1990,NYK,New York Knicks,0.000,2.000,0.000,275.200,545.000,0.457,0.000,10.000,1376.000,2725.000
1990,OKC,Oklahoma City Thunder,0.750,4.000,0.389,177.250,351.000,0.423,3.000,16.000,709.000,1404.000
1990,ORL,Orlando Magic,1.400,4.600,0.244,163.800,338.800,0.392,7.000,23.000,819.000,1694.000
1990,PHI,Philadelphia 76ers,0.667,8.333,0.190,132.000,286.333,0.450,2.000,25.000,396.000,859.000
1990,PHX,Phoenix Suns,3.571,13.857,0.117,157.571,312.714,0.510,25.000,97.000,1103.000,2189.000
1990,POR,Portland Trail Blazers,1.000,3.833,0.079,242.833,487.667,0.485,6.000,23.000,1457.000,2926.000
1990,SAC,Sacramento Kings,0.333,2.333,0.100,236.000,484.500,0.461,2.000,14.000,1416.000,2907.000
1990,SAS,San Antonio Spurs,1.333,7.833,0.071,267.667,521.000,0.486,8.000,47.000,1606.000,3126.000
1990,UTA,Utah Jazz,0.500,2.250,0.095,196.125,389.000,0.487,4.000,18.000,1569.000,3112.000
1990,WAS,Washington Wizards,1.167,8.500,0.074,224.333,450.833,0.493,7.000,51.000,1346.000,2705.000
1992,ATL,Atlanta Hawks,2.000,7.333,0.237,161.833,325.500,0.457,12.000,44.000,971.000,1953.000
1992,BKN,Brooklyn Nets,3.714,15.429,0.299,149.143,327.143,0.500,26.000,108.000,1044.000,2290.000
1992,BOS,Boston Celtics,1.333,7.833,0.096,215.667,436.500,0.479,8.000,47.000,1294.000,2619.000
1992,CHA,Charlotte Hornets,4.500,19.250,0.085,381.750,723.500,0.523,18.000,77.000,1527.000,2894.000
1992,CHI,Chicago Bulls,0.600,3.800,0.133,204.400,419.000,0.486,3.000,19.000,1022.000,2095.000
1992,CLE,Cleveland Cavaliers,5.833,14.667,0.305,257.833,487.000,0.488,35.000,88.000,1547.000,2922.000
1992,DAL,Dallas Mavericks,1.714,8.000,0.122,211.000,465.429,0.444,12.000,56.000,1477.000,3258.000
1992,DEN,Denver Nuggets,0.800,5.000,0.101,211.600,422.600,0.466,4.000,25.000,1058.000,2113.000
1992,DET,Detroit Pistons,7.000,27.400,0.213,229.800,475.600,0.480,35.000,137.000,1149.000,2378.000
1992,GSW,Golden State Warriors,2.167,8.333,0.166,207.000,405.500,0.498,13.000,50.000,1242.000,2433.000
1992,HOU,Houston Rockets,18.200,51.400,0.075,321.200,603.000,0.481,91.000,257.000,1606.000,3015.000
1992,IND,Indiana Pacers,1.600,11.400,0.051,286.000,570.200,0.478,8.000,57.000,1430.000,2851.000
1992,LAC,Los Angeles Clippers,2.250,8.500,0.259,356.250,688.500,0.522,9.000,34.000,1425.000,2754.000
1992,LAL,Los Angeles Lakers,9.250,31.000,0.209,274.750,547.750,0.492,37.000,124.000,1099.000,2191.000
1992,MIA,Miami Heat,2.400,9.800,0.203,217.800,448.000,0.494,12.000,49.000,1089.000,2240.000
1992,MIL,Milwaukee Bucks,13.625,37.250,0.265,171.375,349.625,0.456,109.000,298.000,1371.000,2797.000
1992,MIN,Minnesota Timberwolves,0.667,7.000,0.033,180.333,380.333,0.466,4.000,42.000,1082.000,2282.000
1992,NYK,New York Knicks,0.200,1.600,0.071,278.000,559.000,0.441,1.000,8.000,1390.000,2795.000
1992,OKC,Oklahoma City Thunder,0.000,1.250,0.000,190.250,377.750,0.486,0.000,5.000,761.000,1511.000
1992,ORL,Orlando Magic,2.714,7.000,0.182,184.143,340.857,0.553,19.000,49.000,1289.000,2386.000
1992,PHI,Philadelphia 76ers,3.000,13.000,0.120,139.857,296.571,0.477,21.000,91.000,979.000,2076.000
1992,PHX,Phoenix Suns,13.000,42.000,0.174,221.667,426.333,0.490,78.000,252.000,1330.000,2558.000
1992,POR,Portland Trail Blazers,3.800,16.400,0.049,276.000,573.400,0.465,19.000,82.000,1380.000,2867.000
1992,SAC,Sacramento Kings,0.000,2.800,0.000,238.800,476.600,0.499,0.000,14.000,1194.000,2383.000
1992,SAS,San Antonio Spurs,1.500,7.333,0.353,192.667,378.167,0.444,9.000,44.000,1156.000,2269.000
1992,UTA,Utah Jazz,0.667,3.833,0.050,216.000,418.333,0.504,4.000,23.000,1296.000,2510.000
1992,WAS,Washington Wizards,10.250,36.500,0.195,243.500,517.000,0.484,41.000,146.000,974.000,2068.000
1994,ATL,Atlanta Hawks,3.500,10.000,0.333,115.500,244.000,0.479,14.000,40.000,462.000,976.000
1994,BKN,Brooklyn Nets,4.125,19.250,0.147,198.375,413.750,0.413,33.000,154.000,1587.000,3310.000
1994,BOS,Boston Celtics,0.400,2.200,0.071,216.400,436.000,0.475,2.000,11.000,1082.000,2180.000
1994,CHA,Charlotte Hornets,15.667,42.500,0.209,218.667,439.333,0.473,94.000,255.000,1312.000,2636.000
1994,CHI,Chicago Bulls,0.000,1.500,0.000,125.167,255.833,0.466,0.000,9.000,751.000,1535.000
1994,CLE,Cleveland Cavaliers,19.000,48.200,0.151,212.600,441.000,0.475,95.000,241.000,1063.000,2205.000
1994,DAL,Dallas Mavericks,1.833,9.667,0.146,176.833,387.667,0.450,11.000,58.000,1061.000,2326.000
1994,DEN,Denver Nuggets,6.250,18.875,0.085,139.500,260.625,0.477,50.000,151.000,1116.000,2085.000
1994,DET,Detroit Pistons,18.667,50.000,0.204,150.667,290.833,0.594,112.000,300.000,904.000,1745.000
1994,GSW,Golden State Warriors,6.286,20.429,0.268,171.429,313.714,0.548,44.000,143.000,1200.000,2196.000
1994,HOU,Houston Rockets,17.714,47.429,0.195,179.571,352.143,0.435,124.000,332.000,1257.000,2465.000
1994,IND,Indiana Pacers,0.000,0.600,0.000,208.200,399.800,0.457,0.000,3.000,1041.000,1999.000
1994,LAC,Los Angeles Clippers,1.000,6.286,0.035,174.429,348.286,0.443,7.000,44.000,1221.000,2438.000
1994,LAL,Los Angeles Lakers,2.500,11.833,0.354,185.500,380.167,0.487,15.000,71.000,1113.000,2281.000
1994,MIA,Miami Heat,22.333,55.000,0.403,162.333,315.333,0.495,67.000,165.000,487.000,946.000
1994,MIL,Milwaukee Bucks,2.833,9.500,0.314,186.833,367.667,0.492,17.000,57.000,1121.000,2206.000
1994,MIN,Minnesota Timberwolves,2.167,8.500,0.065,148.333,308.000,0.445,13.000,51.000,890.000,1848.000
1994,NYK,New York Knicks,1.667,6.500,0.184,228.333,448.333,0.456,10.000,39.000,1370.000,2690.000
1994,OKC,Oklahoma City Thunder,20.571,53.286,0.239,131.429,251.286,0.420,144.000,373.000,920.000,1759.000
1994,ORL,Orlando Magic,3.857,12.571,0.120,214.714,383.143,0.406,27.000,88.000,1503.000,2682.000
1994,PHI,Philadelphia 76ers,0.000,7.200,0.000,205.800,440.600,0.461,0.000,36.000,1029.000,2203.000
1994,PHX,Phoenix Suns,16.200,48.600,0.406,267.200,521.400,0.504,81.000,243.000,1336.000,2607.000
1994,POR,Portland Trail Blazers,2.000,6.200,0.327,179.800,383.000,0.460,10.000,31.000,899.000,1915.000
1994,SAC,Sacramento Kings,0.667,2.167,0.330,187.000,356.167,0.496,4.000,13.000,1122.000,2137.000
1994,SAS,San Antonio Spurs,1.143,3.857,0.260,198.571,383.429,0.460,8.000,27.000,1390.000,2684.000
1994,UTA,Utah Jazz,3.200,13.800,0.228,289.600,548.200,0.527,16.000,69.000,1448.000,2741.000
1994,WAS,Washington Wizards,8.667,33.667,0.181,246.667,484.500,0.496,52.000,202.000,1480.000,2907.000
1996,ATL,Atlanta Hawks,13.375,33.750,0.257,139.000,279.625,0.361,107.000,270.000,1112.000,2237.000
1996,BKN,Brooklyn Nets,0.833,5.000,0.067,101.333,235.833,0.405,5.000,30.000,608.000,1415.000
1996,BOS,Boston Celtics,7.625,24.125,0.146,129.000,287.250,0.452,61.000,193.000,1032.000,2298.000
1996,CHA,Charlotte Hornets,4.000,15.000,0.307,214.000,421.200,0.440,20.000,75.000,1070.000,2106.000
1996,CHI,Chicago Bulls,0.857,4.000,0.103,113.286,237.714,0.456,6.000,28.000,793.000,1664.000
1996,CLE,Cleveland Cavaliers,19.167,48.833,0.225,157.500,312.833,0.496,115.000,293.000,945.000,1877.000
1996,DAL,Dallas Mavericks,0.333,0.667,0.500,40.667,91.333,0.433,1.000,2.000,122.000,274.000
1996,DEN,Denver Nuggets,25.250,74.500,0.135,328.500,684.500,0.485,101.000,298.000,1314.000,2738.000
1996,DET,Detroit Pistons,27.429,66.571,0.157,133.571,264.571,0.466,192.000,466.000,935.000,1852.000
1996,GSW,Golden State Warriors,3.250,12.750,0.231,226.250,490.250,0.458,13.000,51.000,905.000,1961.000
1996,HOU,Houston Rockets,19.000,60.571,0.240,215.429,417.143,0.427,133.000,424.000,1508.000,2920.000
1996,IND,Indiana Pacers,0.800,4.600,0.440,233.800,478.400,0.475,4.000,23.000,1169.000,2392.000
1996,LAC,Los Angeles Clippers,1.167,5.000,0.333,191.000,374.833,0.468,7.000,30.000,1146.000,2249.000
1996,LAL,Los Angeles Lakers,0.333,2.000,0.146,218.667,427.000,0.505,2.000,12.000,1312.000,2562.000
1996,MEM,Memphis Grizzlies,6.800,21.600,0.428,271.600,568.400,0.477,34.000,108.000,1358.000,2842.000
1996,MIA,Miami Heat,0.167,2.667,0.022,196.667,395.333,0.473,1.000,16.000,1180.000,2372.000
1996,MIL,Milwaukee Bucks,3.000,10.857,0.251,148.143,297.571,0.517,21.000,76.000,1037.000,2083.000
1996,MIN,Minnesota Timberwolves,6.000,23.500,0.129,243.000,493.750,0.525,24.000,94.000,972.000,1975.000
1996,NYK,New York Knicks,2.200,8.800,0.154,240.400,486.400,0.466,11.000,44.000,1202.000,2432.000
1996,OKC,Oklahoma City Thunder,19.714,50.571,0.376,139.143,279.000,0.467,138.000,354.000,974.000,1953.000
1996,ORL,Orlando Magic,0.167,4.167,0.033,194.500,397.833,0.441,1.000,25.000,1167.000,2387.000
1996,PHI,Philadelphia 76ers,7.000,26.600,0.173,122.800,259.400,0.464,35.000,133.000,614.000,1297.000
1996,PHX,Phoenix Suns,1.000,5.429,0.097,137.571,269.286,0.480,7.000,38.000,963.000,1885.000
1996,POR,Portland Trail Blazers,11.600,35.400,0.161,241.200,456.400,0.506,58.000,177.000,1206.000,2282.000
1996,SAC,Sacramento Kings,0.400,1.800,0.334,158.600,333.400,0.462,2.000,9.000,793.000,1667.000
1996,SAS,San Antonio Spurs,0.333,1.333,0.111,114.833,236.333,0.435,2.000,8.000,689.000,1418.000
1996,TOR,Toronto Raptors,3.333,11.444,0.147,122.444,252.667,0.442,30.000,103.000,1102.000,2274.000
1996,UTA,Utah Jazz,0.400,4.800,0.133,303.400,576.400,0.505,2.000,24.000,1517.000,2882.000
1996,WAS,Washington Wizards,14.833,40.167,0.571,169.833,316.333,0.477,89.000,241.000,1019.000,1898.000
1998,ATL,Atlanta Hawks,3.000,11.200,0.233,104.200,229.000,0.438,15.000,56.000,521.000,1145.000
1998,BKN,Brooklyn Nets,2.286,8.000,0.101,68.714,156.857,0.358,16.000,56.000,481.000,1098.000
1998,BOS,Boston Celtics,13.000,38.333,0.157,81.333,181.000,0.420,78.000,230.000,488.000,1086.000
1998,CHA,Charlotte Hornets,4.600,15.000,0.362,88.600,186.600,0.394,23.000,75.000,443.000,933.000
1998,CHI,Chicago Bulls,0.200,0.600,0.333,82.600,190.400,0.390,1.000,3.000,413.000,952.000
1998,CLE,Cleveland Cavaliers,7.800,19.800,0.446,85.200,174.400,0.511,39.000,99.000,426.000,872.000
1998,DAL,Dallas Mavericks,1.750,11.625,0.034,104.375,227.250,0.415,14.000,93.000,835.000,1818.000
1998,DEN,Denver Nuggets,2.800,9.800,0.140,138.800,291.200,0.434,14.000,49.000,694.000,1456.000
1998,DET,Detroit Pistons,0.143,0.857,0.083,82.286,169.857,0.548,1.000,6.000,576.000,1189.000
1998,GSW,Golden State Warriors,0.200,0.400,0.500,107.200,253.400,0.431,1.000,2.000,536.000,1267.000
1998,HOU,Houston Rockets,4.571,14.571,0.171,119.143,238.286,0.452,32.000,102.000,834.000,1668.000
1998,IND,Indiana Pacers,7.167,21.000,0.166,120.333,248.000,0.463,43.000,126.000,722.000,1488.000
1998,LAC,Los Angeles Clippers,0.167,1.333,0.056,107.833,237.333,0.435,1.000,8.000,647.000,1424.000
1998,LAL,Los Angeles Lakers,4.000,10.200,0.089,134.400,247.000,0.468,20.000,51.000,672.000,1235.000
1998,MEM,Memphis Grizzlies,4.333,12.167,0.076,87.333,193.500,0.412,26.000,73.000,524.000,1161.000
1998,MIA,Miami Heat,0.333,1.167,0.167,104.500,210.167,0.424,2.000,7.000,627.000,1261.000
1998,MIL,Milwaukee Bucks,0.000,0.667,0.000,101.667,203.667,0.501,0.000,2.000,305.000,611.000
1998,MIN,Minnesota Timberwolves,0.625,3.375,0.121,113.125,248.250,0.427,5.000,27.000,905.000,1986.000
1998,NYK,New York Knicks,4.714,13.571,0.120,112.714,242.000,0.465,33.000,95.000,789.000,1694.000
1998,OKC,Oklahoma City Thunder,1.667,6.833,0.255,96.833,206.167,0.492,10.000,41.000,581.000,1237.000
1998,ORL,Orlando Magic,0.286,2.000,0.071,96.714,218.000,0.382,2.000,14.000,677.000,1526.000
1998,PHI,Philadelphia 76ers,0.286,1.571,0.183,78.000,172.286,0.339,2.000,11.000,546.000,1206.000
1998,PHX,Phoenix Suns,2.000,7.200,0.197,141.800,291.400,0.478,10.000,36.000,709.000,1457.000
1998,POR,Portland Trail Blazers,3.500,9.500,0.428,122.000,248.833,0.562,21.000,57.000,732.000,1493.000
1998,SAC,Sacramento Kings,2.286,11.714,0.191,119.857,235.714,0.490,16.000,82.000,839.000,1650.000
1998,SAS,San Antonio Spurs,0.250,2.250,0.048,204.000,406.000,0.526,1.000,9.000,816.000,1624.000
1998,TOR,Toronto Raptors,0.167,1.333,0.067,75.833,171.833,0.476,1.000,8.000,455.000,1031.000
1998,UTA,Utah Jazz,0.143,1.571,0.062,105.286,224.000,0.433,1.000,11.000,737.000,1568.000
1998,WAS,Washington Wizards,0.167,1.500,0.071,79.833,148.833,0.509,1.000,9.000,479.000,893.000
