Rk,Player,Age,Team,Pos,G,GS,MP,FG,FGA,FG%,3P,3PA,3P%,2P,2PA,2P%,eFG%,FT,FTA,FT%,ORB,DRB,TRB,AST,STL,BLK,TOV,PF,PTS,Trp-Dbl,Awards,Player-additional
1,Michael Jordan,33,CHI,SG,82,82,3106,920,1892,.486,111,297,.374,809,1595,.507,.516,480,576,.833,113,369,482,352,140,44,166,156,2431,1,MVP-2DPOY-5ASNBA1DEF1,jordami01
2,Karl Malone,33,UTA,PF,82,82,2998,864,1571,.550,0,13,.000,864,1558,.555,.550,521,690,.755,193,616,809,368,113,48,233,217,2249,1,MVP-1ASNBA1DEF1,malonka01
3,Glen Rice,29,CHH,SF,79,78,3362,722,1513,.477,207,440,.470,515,1073,.480,.546,464,535,.867,67,251,318,160,72,26,177,190,2115,0,MVP-5ASNBA2,ricegl01
4,Mitch Richmond,31,SAC,SG,81,81,3125,717,1578,.454,204,477,.428,513,1101,.466,.519,457,531,.861,59,260,319,338,118,24,237,211,2095,1,MVP-13ASNBA2,richmmi01
5,Latrell Sprewell,26,GSW,SG,80,79,3353,649,1444,.449,147,415,.354,502,1029,.488,.500,493,585,.843,58,308,366,507,132,45,322,153,1938,1,AS,sprewla01
6,Hakeem Olajuwon,34,HOU,C,78,78,2852,727,1426,.510,5,16,.313,722,1410,.512,.512,351,446,.787,173,543,716,236,117,173,281,249,1810,1,MVP-7ASNBA1DEF2,olajuha01
7,Kendall Gill,28,NJN,SF,82,81,3199,644,1453,.443,74,220,.336,570,1233,.462,.469,427,536,.797,183,316,499,326,154,46,218,225,1789,0,,gillke01
8,Allen Iverson,21,PHI,PG,76,74,3045,625,1504,.416,155,455,.341,470,1049,.448,.467,382,544,.702,115,197,312,567,157,24,337,233,1787,0,MVP-17ROY-1,iversal01
9,Gary Payton,28,SEA,PG,82,82,3213,706,1482,.476,119,380,.313,587,1102,.533,.517,254,355,.715,106,272,378,583,197,13,215,208,1785,2,MVP-6DPOY-2ASNBA2DEF1,paytoga01
10,Patrick Ewing,34,NYK,C,78,78,2887,655,1342,.488,2,9,.222,653,1333,.490,.489,439,582,.754,175,659,834,156,69,189,269,250,1751,0,MVP-8ASNBA2,ewingpa01
11,Reggie Miller,31,IND,SG,81,81,2966,552,1244,.444,229,536,.427,323,708,.456,.536,418,475,.880,53,233,286,273,75,25,166,172,1751,0,,millere01
12,Grant Hill,24,DET,SF,80,80,3147,625,1259,.496,10,33,.303,615,1226,.502,.500,450,633,.711,123,598,721,583,144,48,259,186,1710,13,MVP-3ASNBA1,hillgr01
13,Glenn Robinson,24,MIL,SF,80,79,3114,669,1438,.465,63,180,.350,606,1258,.482,.487,288,364,.791,130,372,502,248,103,68,269,225,1689,0,,robingl01
14,Jerry Stackhouse,22,PHI,SG,81,81,3166,533,1308,.407,102,342,.298,431,966,.446,.446,511,667,.766,156,182,338,253,93,63,316,219,1679,0,,stackje01
15,Tom Gugliotta,27,MIN,PF,81,81,3131,592,1339,.442,24,93,.258,568,1246,.456,.451,464,566,.820,187,515,702,335,130,89,293,237,1672,0,MVP-17AS,guglito01
16,Scottie Pippen,31,CHI,SF,82,82,3095,648,1366,.474,156,424,.368,492,942,.522,.531,204,291,.701,160,371,531,467,154,45,214,213,1656,0,MVP-11DPOY-4ASNBA2DEF1,pippesc01
17,Tim Hardaway,30,MIA,PG,81,81,3136,575,1384,.415,203,590,.344,372,794,.469,.489,291,364,.799,49,228,277,695,151,9,230,165,1644,0,MVP-4ASNBA1,hardati01
18,Vin Baker,25,MIL,PF,78,78,3159,632,1251,.505,15,54,.278,617,1197,.515,.511,358,521,.687,267,537,804,211,81,112,245,275,1637,0,ASNBA3,bakervi01
19,Damon Stoudamire,23,TOR,PG,81,81,3311,564,1407,.401,176,496,.355,388,911,.426,.463,330,401,.823,86,244,330,709,123,13,288,162,1634,2,,stoudda01
20,Juwan Howard,23,WSB,SF,82,82,3324,638,1313,.486,0,2,.000,638,1311,.487,.486,294,389,.756,202,450,652,311,93,23,246,259,1570,0,,howarju01
21,Terrell Brandon,26,CLE,PG,78,78,2868,575,1313,.438,101,271,.373,474,1042,.455,.476,268,297,.902,48,253,301,490,138,30,178,177,1519,0,AS,brandte01
22,Shawn Kemp,27,SEA,PF,81,75,2750,526,1032,.510,12,33,.364,514,999,.515,.516,452,609,.742,275,532,807,156,125,81,280,320,1516,0,DPOY-6AS,kempsh01
23,Shareef Abdur-Rahim,20,VAN,PF,80,71,2802,550,1214,.453,7,27,.259,543,1187,.457,.456,387,519,.746,216,339,555,175,79,79,225,199,1494,1,ROY-3,abdursh01
24,Joe Smith,21,GSW,PF,80,80,3086,587,1293,.454,12,46,.261,575,1247,.461,.459,307,377,.814,261,418,679,125,74,86,192,244,1493,0,,smithjo02
25,Christian Laettner,27,ATL,PF,82,82,3140,548,1128,.486,31,88,.352,517,1040,.497,.500,359,440,.816,212,508,720,223,102,64,218,277,1486,0,AS,laettch01
26,Steve Smith,27,ATL,SG,72,72,2818,491,1145,.429,130,388,.335,361,757,.477,.486,333,393,.847,90,148,238,305,62,23,176,173,1445,0,MVP-17,smithst01
27,Chris Webber,23,WSB,PF,72,72,2806,604,1167,.518,60,151,.397,544,1016,.535,.543,177,313,.565,238,505,743,331,122,137,230,258,1445,2,AS,webbech01
28,Kenny Anderson,26,POR,PG,82,81,3081,485,1137,.427,132,366,.361,353,771,.458,.485,334,435,.768,91,272,363,584,162,15,193,222,1436,0,,anderke01
29,Antoine Walker,20,BOS,PF,82,68,2970,576,1354,.425,52,159,.327,524,1195,.438,.445,231,366,.631,288,453,741,262,105,53,230,271,1435,2,ROY-4,walkean02
30,Kevin Johnson,30,PHO,PG,70,70,2658,441,890,.496,89,202,.441,352,688,.512,.546,439,515,.852,54,199,253,653,102,12,217,141,1410,2,MVP-17,johnske02
31,Rod Strickland,30,WSB,PG,82,81,2997,515,1105,.466,13,77,.169,502,1028,.488,.472,367,497,.738,95,240,335,727,143,14,270,166,1410,0,,stricro02
32,Eddie Jones,25,LAL,SG,80,80,2998,473,1081,.438,152,389,.391,321,692,.464,.508,276,337,.819,90,236,326,270,189,49,169,226,1374,0,AS,jonesed02
33,Dale Ellis,36,DEN,SF,82,51,2940,477,1151,.414,192,528,.364,285,623,.457,.498,215,263,.817,99,194,293,165,60,7,146,178,1361,0,,ellisda01
34,Mookie Blaylock,29,ATL,PG,78,78,3056,501,1159,.432,221,604,.366,280,555,.505,.528,131,174,.753,114,299,413,463,212,20,185,141,1354,0,DPOY-3DEF2,blaylmo01
35,Antonio McDyess,22,DEN,PF,74,73,2565,536,1157,.463,6,35,.171,530,1122,.472,.466,274,387,.708,155,382,537,106,62,126,199,276,1352,0,,mcdyean01
36,Kerry Kittles,22,NJN,SG,82,57,3012,507,1189,.426,158,419,.377,349,770,.453,.493,175,227,.771,106,213,319,249,157,35,127,165,1347,0,ROY-5,kittlke01
37,Shaquille O'Neal,24,LAL,C,51,51,1941,552,991,.557,0,4,.000,552,987,.559,.557,232,479,.484,195,445,640,159,46,147,146,180,1336,0,MVP-9ASNBA3,onealsh01
38,Alonzo Mourning,26,MIA,C,66,65,2320,473,885,.534,1,9,.111,472,876,.539,.535,363,565,.642,189,467,656,104,56,189,226,272,1310,0,MVP-12AS,mournal01
39,Kevin Garnett,20,MIN,SF,77,77,2995,549,1100,.499,6,21,.286,543,1079,.503,.502,205,272,.754,190,428,618,236,105,163,175,199,1309,0,AS,garneke01
40,Rony Seikaly,31,ORL,C,74,68,2615,460,907,.507,0,3,.000,460,904,.509,.507,357,500,.714,274,427,701,92,49,107,218,275,1277,0,,seikaro01
41,Michael Finley,23,2TM,SF,83,54,2790,475,1071,.444,101,280,.361,374,791,.473,.491,198,245,.808,88,284,372,224,68,24,164,138,1249,0,,finlemi01
41,Michael Finley,23,PHO,SF,27,18,796,141,297,.475,14,55,.255,127,242,.525,.498,56,69,.812,34,86,120,68,18,4,44,42,352,0,,finlemi01
41,Michael Finley,23,DAL,SF,56,36,1994,334,774,.432,87,225,.387,247,549,.450,.488,142,176,.807,54,198,252,156,50,20,120,96,897,0,,finlemi01
42,David Wesley,26,BOS,PG,74,73,2991,456,974,.468,103,286,.360,353,688,.513,.521,225,288,.781,67,197,264,537,162,13,211,221,1240,0,,wesleda01
43,Jim Jackson,26,2TM,SG,77,77,2831,444,1029,.431,86,247,.348,358,782,.458,.473,252,310,.813,132,279,411,316,86,32,208,194,1226,2,,jacksji01
43,Jim Jackson,26,DAL,SG,46,46,1676,260,588,.442,46,139,.331,214,449,.477,.481,148,188,.787,81,146,227,156,57,15,107,113,714,0,,jacksji01
43,Jim Jackson,26,NJN,SF,31,31,1155,184,441,.417,40,108,.370,144,333,.432,.463,104,122,.852,51,133,184,160,29,17,101,81,512,2,,jacksji01
44,Clifford Robinson,30,POR,SF,81,79,3077,444,1043,.426,121,350,.346,323,693,.466,.484,215,309,.696,90,231,321,261,99,66,172,251,1224,0,,robincl02
45,Isaiah Rider,25,POR,SG,76,68,2563,456,983,.464,99,257,.385,357,726,.492,.514,212,261,.812,94,210,304,198,45,19,212,199,1223,0,,rideris01
46,Loy Vaught,28,LAC,PF,82,82,2838,542,1084,.500,2,12,.167,540,1072,.504,.501,134,191,.702,222,595,817,110,85,25,137,241,1220,0,,vaughlo01
47,Bryant Reeves,23,VAN,C,75,75,2777,498,1025,.486,1,11,.091,497,1014,.490,.486,216,307,.704,174,436,610,160,29,67,175,270,1213,0,,reevebr01
48,Anfernee Hardaway,25,ORL,PG,59,59,2221,421,941,.447,85,267,.318,336,674,.499,.493,283,345,.820,82,181,263,332,93,35,145,123,1210,0,ASNBA3,hardaan01
49,Nick Van Exel,25,LAL,PG,79,79,2937,432,1075,.402,177,468,.378,255,607,.420,.484,165,200,.825,44,182,226,672,75,10,212,110,1206,0,,vanexni01
50,LaPhonso Ellis,26,DEN,PF,55,49,2002,445,1014,.439,95,259,.367,350,755,.464,.486,218,282,.773,107,279,386,131,44,41,117,181,1203,0,,ellisla01
51,Walt Williams,26,TOR,SF,73,73,2647,419,982,.427,175,437,.400,244,545,.448,.516,186,243,.765,103,264,367,197,97,62,174,282,1199,0,,williwa02
52,Allan Houston,25,NYK,SG,81,81,2681,437,1032,.423,148,384,.385,289,648,.446,.495,175,218,.803,43,197,240,179,41,18,167,233,1197,0,,houstal01
53,Jeff Hornacek,33,UTA,SG,82,82,2592,413,856,.482,72,195,.369,341,661,.516,.525,293,326,.899,60,181,241,361,124,26,134,188,1191,0,,hornaje01
54,Anthony Mason,30,CHH,PF,73,73,3143,433,825,.525,1,3,.333,432,822,.526,.525,319,428,.745,186,643,829,414,76,33,165,202,1186,4,MVP-9NBA3DEF2,masonan01
55,John Stockton,34,UTA,PG,82,82,2896,416,759,.548,76,180,.422,340,579,.587,.598,275,325,.846,45,183,228,860,166,15,248,194,1183,0,MVP-15ASNBA3DEF2,stockjo01
56,Todd Day,27,BOS,SG,81,27,2277,398,999,.398,126,348,.362,272,651,.418,.461,256,331,.773,109,221,330,117,108,48,127,208,1178,0,,dayto01
57,Doug Christie,26,TOR,SG,81,81,3127,396,949,.417,147,383,.384,249,566,.440,.495,237,306,.775,85,347,432,315,201,45,200,245,1176,0,,chrisdo01
58,Rick Fox,27,BOS,SF,76,75,2650,433,950,.456,101,278,.363,332,672,.494,.509,207,263,.787,114,280,394,286,167,40,178,279,1174,0,DPOY-6,foxri01
59,Lindsey Hunter,26,DET,PG,82,76,3023,421,1042,.404,166,468,.355,255,574,.444,.484,158,203,.778,59,174,233,154,129,24,96,206,1166,0,,hunteli01
60,Joe Dumars,33,DET,SG,79,79,2923,385,875,.440,166,384,.432,219,491,.446,.535,222,256,.867,38,153,191,318,57,1,128,97,1158,0,DPOY-6AS,dumarjo01
61,Elden Campbell,28,LAL,PF,77,77,2516,442,942,.469,1,4,.250,441,938,.470,.470,263,370,.711,207,408,615,126,46,117,130,276,1148,0,,campbel01
62,Dominique Wilkins,37,SAS,SF,63,26,1945,397,953,.417,70,239,.293,327,714,.458,.453,281,350,.803,169,233,402,119,39,31,135,100,1145,0,6MOY-7,wilkido01
63,Chris Mullin,33,GSW,SF,79,63,2733,438,792,.553,83,202,.411,355,590,.602,.605,184,213,.864,75,242,317,322,130,33,192,155,1143,2,,mullich01
64,Hersey Hawkins,30,SEA,SG,82,82,2755,369,795,.464,143,355,.403,226,440,.514,.554,258,295,.875,92,228,320,250,159,12,130,146,1139,0,,hawkihe01
65,Clyde Drexler,34,HOU,SG,62,62,2271,397,899,.442,119,335,.355,278,564,.493,.508,201,268,.750,118,255,373,354,119,36,156,151,1114,3,AS,drexlcl01
66,Ray Allen,21,MIL,SG,82,81,2532,390,908,.430,117,298,.393,273,610,.448,.494,205,249,.823,97,229,326,210,75,10,149,218,1102,0,,allenra02
67,Wesley Person,25,PHO,SG,80,42,2326,409,903,.453,171,414,.413,238,489,.487,.548,91,114,.798,68,224,292,123,86,20,76,102,1080,0,,persowe01
68,Malik Sealy,26,LAC,SG,80,79,2456,373,942,.396,79,222,.356,294,720,.408,.438,254,290,.876,59,179,238,165,124,45,154,185,1079,0,,sealyma01
69,Eric Williams,24,BOS,SG,72,67,2435,374,820,.456,2,8,.250,372,812,.458,.457,328,436,.752,126,203,329,129,72,13,139,213,1078,0,,willier01
70,Chris Mills,27,CLE,SF,80,79,3167,405,894,.453,86,220,.391,319,674,.473,.501,176,209,.842,118,379,497,198,86,41,120,222,1072,0,,millsch01
71,Rodney Rogers,25,LAC,SF,81,62,2480,408,884,.462,65,180,.361,343,704,.487,.498,191,288,.663,137,274,411,222,88,61,221,272,1072,0,,rogerro01
72,Dikembe Mutombo,30,ATL,C,80,80,2973,380,721,.527,0,0,,380,721,.527,.527,306,434,.705,268,661,929,110,49,264,186,249,1066,0,MVP-13DPOY-1ASDEF1,mutomdi01
73,John Starks,31,NYK,SG,77,1,2042,369,856,.431,150,407,.369,219,449,.488,.519,173,225,.769,36,169,205,217,90,11,158,196,1061,0,6MOY-1,starkjo01
74,Stephon Marbury,19,MIN,PG,67,64,2324,355,871,.408,102,288,.354,253,583,.434,.466,245,337,.727,54,130,184,522,67,19,210,159,1057,0,ROY-2,marbust01
75,Anthony Peeler,27,VAN,SG,72,57,2291,402,1011,.398,128,343,.373,274,668,.410,.461,109,133,.820,54,193,247,256,105,17,157,168,1041,0,,peelean01
76,Danny Manning,30,PHO,PF,77,17,2134,426,795,.536,7,36,.194,419,759,.552,.540,181,251,.721,137,332,469,173,81,74,161,268,1040,0,6MOY-7,mannida01
77,Otis Thorpe,34,DET,C,79,79,2661,419,787,.532,0,2,.000,419,785,.534,.532,198,303,.653,226,396,622,133,59,17,145,298,1036,0,,thorpot01
78,Derrick Coleman,29,PHI,PF,57,54,2102,364,836,.435,32,119,.269,332,717,.463,.455,272,365,.745,157,416,573,193,50,75,184,164,1032,0,,colemde01
79,Mahmoud Abdul-Rauf,27,SAC,PG,75,51,2131,411,924,.445,94,246,.382,317,678,.468,.496,115,136,.846,16,106,122,189,56,6,119,174,1031,0,,abdulma02
80,Olden Polynice,32,SAC,C,82,82,2893,442,967,.457,0,6,.000,442,961,.460,.457,141,251,.562,272,500,772,178,46,80,166,298,1025,0,,polynol01
81,Vlade Divac,28,CHH,C,81,80,2840,418,847,.494,11,47,.234,407,800,.509,.500,177,259,.683,241,484,725,301,103,180,193,277,1024,0,,divacvl01
82,Detlef Schrempf,34,SEA,SF,61,60,2192,356,724,.492,57,161,.354,299,563,.531,.531,253,316,.801,87,307,394,266,63,16,150,151,1022,0,AS,schrede01
83,Charles Barkley,33,HOU,PF,53,53,2009,335,692,.484,58,205,.283,277,487,.569,.526,288,415,.694,212,504,716,248,69,25,151,153,1016,1,MVP-16AS,barklch01
84,Dell Curry,32,CHH,SG,68,20,2078,384,836,.459,126,296,.426,258,540,.478,.535,114,142,.803,40,171,211,118,60,14,93,147,1008,0,6MOY-5,curryde01
85,Clarence Weatherspoon,26,PHI,SF,82,82,2949,398,811,.491,1,6,.167,397,805,.493,.491,206,279,.738,219,460,679,140,74,86,137,187,1003,0,,weathcl01
86,Larry Johnson,27,NYK,SF,76,76,2613,376,735,.512,34,105,.324,342,630,.543,.535,190,274,.693,165,228,393,174,64,36,136,249,976,0,,johnsla02
87,Sam Cassell,27,3TM,PG,61,44,1714,337,783,.430,81,231,.351,256,552,.464,.482,212,251,.845,47,135,182,305,77,19,168,200,967,0,,cassesa01
87,Sam Cassell,27,PHO,PG,22,9,539,100,241,.415,19,62,.306,81,179,.453,.454,106,124,.855,12,38,50,99,23,6,60,66,325,0,,cassesa01
87,Sam Cassell,27,DAL,PG,16,13,398,70,165,.424,15,49,.306,55,116,.474,.470,42,50,.840,14,36,50,57,17,6,41,48,197,0,,cassesa01
87,Sam Cassell,27,NJN,PG,23,22,777,167,377,.443,47,120,.392,120,257,.467,.505,64,77,.831,21,61,82,149,37,7,67,86,445,0,,cassesa01
88,Shawn Bradley,24,2TM,C,73,70,2288,406,905,.449,0,8,.000,406,897,.453,.449,149,228,.654,221,390,611,52,40,248,134,237,961,2,,bradlsh01
88,Shawn Bradley,24,NJN,C,40,38,1228,199,456,.436,0,5,.000,199,451,.441,.436,81,122,.664,118,207,325,20,23,160,64,122,479,2,,bradlsh01
88,Shawn Bradley,24,DAL,C,33,32,1060,207,449,.461,0,3,.000,207,446,.464,.461,68,106,.642,103,183,286,32,17,88,70,115,482,0,,bradlsh01
89,Tyrone Hill,28,CLE,C,74,70,2582,357,595,.600,0,1,.000,357,594,.601,.600,241,381,.633,259,477,736,92,63,30,147,268,955,0,,hillty01
90,Rasheed Wallace,22,POR,PF,62,56,1892,380,681,.558,9,33,.273,371,648,.573,.565,169,265,.638,122,297,419,74,48,59,114,198,938,0,,wallara01
91,Marcus Camby,22,TOR,C,63,38,1897,375,778,.482,2,14,.143,373,764,.488,.483,183,264,.693,131,263,394,97,66,130,134,214,935,0,,cambyma01
92,Vernon Maxwell,31,SAS,SG,72,31,2068,340,906,.375,115,372,.309,225,534,.421,.439,134,180,.744,27,132,159,153,87,19,121,168,929,0,,maxweve01
93,Arvydas Sabonis,32,POR,C,69,68,1762,328,658,.498,49,132,.371,279,526,.530,.536,223,287,.777,114,433,547,146,63,84,151,203,928,0,,sabonar01
94,Corliss Williamson,23,SAC,SF,79,31,1992,371,745,.498,0,3,.000,371,742,.500,.498,173,251,.689,139,187,326,124,60,49,157,263,915,0,,willico02
95,Mario Elie,33,HOU,SF,78,77,2687,291,585,.497,120,286,.420,171,299,.572,.600,207,231,.896,60,175,235,310,92,12,135,200,909,0,DPOY-6,eliema01
96,Rex Chapman,29,PHO,SG,65,33,1833,332,749,.443,110,314,.350,222,435,.510,.517,124,149,.832,25,156,181,182,52,7,96,108,898,0,,chapmre01
97,Voshon Lenard,23,MIA,SG,73,47,2111,314,684,.459,183,442,.414,131,242,.541,.593,86,105,.819,38,179,217,161,50,18,109,168,897,0,,lenarvo01
98,Darrick Martin,25,LAC,PG,82,64,1820,292,718,.407,91,234,.389,201,484,.415,.470,218,250,.872,26,87,113,339,57,2,127,165,893,0,,martida01
99,Chris Gatling,29,2TM,PF,47,1,1283,327,623,.525,1,6,.167,326,617,.528,.526,236,329,.717,134,236,370,28,39,31,120,138,891,0,6MOY-3AS,gatlich01
99,Chris Gatling,29,DAL,PF,44,1,1191,309,580,.533,1,6,.167,308,574,.537,.534,221,313,.706,126,222,348,25,35,31,114,125,840,0,,gatlich01
99,Chris Gatling,29,NJN,PF,3,0,92,18,43,.419,0,0,,18,43,.419,.419,15,16,.938,8,14,22,3,4,0,6,13,51,0,,gatlich01
100,Sam Perkins,35,SEA,C,81,4,1976,290,661,.439,122,309,.395,168,352,.477,.531,187,229,.817,74,226,300,103,69,49,77,134,889,0,6MOY-5,perkisa01
101,Rik Smits,30,IND,C,52,52,1518,356,733,.486,2,8,.250,354,725,.488,.487,173,217,.797,105,256,361,67,22,59,126,175,887,0,,smitsri01
102,Vinny Del Negro,30,SAS,SG,72,53,2243,365,781,.467,44,140,.314,321,641,.501,.496,112,129,.868,39,171,210,231,59,7,92,131,886,0,,delnevi01
103,Gary Trent,22,POR,PF,82,28,1918,361,674,.536,0,11,.000,361,663,.544,.536,160,229,.699,156,272,428,87,48,35,129,186,882,0,,trentga01
104,Bryon Russell,26,UTA,SF,81,81,2525,297,620,.479,108,264,.409,189,356,.531,.566,171,244,.701,79,252,331,123,129,27,94,237,873,0,,russebr01
105,Danny Ferry,30,CLE,PF,82,48,2633,341,794,.429,114,284,.401,227,510,.445,.501,74,87,.851,82,255,337,151,56,32,94,245,870,0,,ferryda01
106,Bobby Phills,27,CLE,SG,69,65,2375,328,766,.428,85,216,.394,243,550,.442,.484,125,174,.718,63,182,245,233,113,21,135,174,866,0,,phillbo01
107,Charles Oakley,33,NYK,PF,80,80,2873,339,694,.488,5,19,.263,334,675,.495,.492,181,224,.808,246,535,781,221,111,21,171,305,864,0,,oaklech01
108,Antonio Davis,28,IND,PF,82,28,2335,308,641,.480,1,14,.071,307,627,.490,.481,241,362,.666,190,408,598,65,42,84,141,260,858,0,,davisan01
109,Terry Mills,29,DET,PF,79,5,1997,312,702,.444,175,415,.422,137,287,.477,.569,58,70,.829,68,309,377,99,35,27,85,161,857,0,6MOY-4,millste01
110,Gerald Wilkins,33,ORL,SG,80,26,2202,323,759,.426,66,203,.325,257,556,.462,.469,136,190,.716,59,114,173,173,54,12,123,144,848,0,,wilkige01
111,Horace Grant,31,ORL,PF,67,67,2496,358,695,.515,1,6,.167,357,689,.518,.516,128,179,.715,206,394,600,163,101,65,99,157,845,0,DPOY-6,grantho01
112,Kevin Willis,34,HOU,PF,75,32,1964,350,728,.481,2,14,.143,348,714,.487,.482,140,202,.693,146,415,561,71,42,32,119,216,842,0,,willike02
113,Calbert Cheaney,25,WSB,SG,79,79,2411,369,730,.505,4,30,.133,365,700,.521,.508,95,137,.693,70,198,268,114,77,18,94,226,837,0,,cheanca01
114,Dale Davis,27,IND,PF,80,76,2589,370,688,.538,0,0,,370,688,.538,.538,92,215,.428,301,471,772,59,60,77,108,233,832,0,,davisda01
115,Dennis Scott,28,ORL,SF,66,62,2166,298,749,.398,147,373,.394,151,376,.402,.496,80,101,.792,40,163,203,139,74,19,81,138,823,0,,scottde01
116,Jamal Mashburn,24,2TM,SF,69,51,2164,286,743,.385,90,277,.325,196,466,.421,.445,160,228,.702,69,225,294,204,78,12,114,186,822,0,,mashbja01
116,Jamal Mashburn,24,DAL,SF,37,21,975,140,376,.372,42,131,.321,98,245,.400,.428,72,111,.649,28,87,115,93,35,5,57,69,394,0,,mashbja01
116,Jamal Mashburn,24,MIA,SF,32,30,1189,146,367,.398,48,146,.329,98,221,.443,.463,88,117,.752,41,138,179,111,43,7,57,117,428,0,,mashbja01
117,Tracy Murray,25,WSB,SF,82,1,1814,288,678,.425,106,300,.353,182,378,.481,.503,135,161,.839,84,169,253,78,69,19,86,150,817,0,,murratr01
118,Mark Jackson,31,2TM,PG,82,82,3054,289,679,.426,66,178,.371,223,501,.445,.474,168,213,.789,91,304,395,935,97,12,274,161,812,4,,jacksma01
118,Mark Jackson,31,DEN,PG,52,52,2001,192,452,.425,48,121,.397,144,331,.435,.478,109,136,.801,71,200,271,641,51,9,172,104,541,2,,jacksma01
118,Mark Jackson,31,IND,PG,30,30,1053,97,227,.427,18,57,.316,79,170,.465,.467,59,77,.766,20,104,124,294,46,3,102,57,271,2,,jacksma01
119,Avery Johnson,31,SAS,PG,76,76,2472,327,685,.477,6,26,.231,321,659,.487,.482,140,203,.690,32,115,147,513,96,15,146,158,800,0,,johnsav01
120,Mark Price,32,GSW,PG,70,49,1876,263,589,.447,112,283,.396,151,306,.493,.542,155,171,.906,36,143,179,342,67,3,161,100,793,0,,pricema01
121,Isaac Austin,27,MIA,C,82,17,1881,321,639,.502,0,3,.000,321,636,.505,.502,150,226,.664,136,342,478,101,45,43,161,244,792,0,MIP-16MOY-7,austiis01
122,Gheorghe Mureșan,25,WSB,C,73,69,1849,327,541,.604,0,0,,327,541,.604,.604,123,199,.618,141,340,481,29,43,96,117,230,777,0,,muresgh01
123,Bryant Stith,26,DEN,SG,52,52,1788,251,603,.416,70,182,.385,181,421,.430,.474,202,234,.863,74,143,217,133,60,20,101,119,774,0,,stithbr01
124,Robert Pack,27,2TM,PG,54,42,1782,272,693,.392,31,112,.277,241,581,.415,.415,196,243,.807,28,118,146,452,94,6,217,139,771,0,,packro01
124,Robert Pack,27,NJN,PG,34,31,1185,193,474,.407,22,74,.297,171,400,.428,.430,134,170,.788,15,71,86,325,59,3,150,83,542,0,,packro01
124,Robert Pack,27,DAL,PG,20,11,597,79,219,.361,9,38,.237,70,181,.387,.381,62,73,.849,13,47,60,127,35,3,67,56,229,0,,packro01
125,Matt Maloney,25,HOU,PG,82,82,2386,271,615,.441,154,381,.404,117,234,.500,.566,71,93,.763,19,141,160,303,82,1,122,125,767,0,,malonma01
126,Sam Mitchell,33,MIN,SF,82,5,2044,269,603,.446,4,25,.160,265,578,.458,.449,224,295,.759,112,214,326,79,51,20,93,232,766,0,,mitchsa01
127,Sherman Douglas,30,MIL,PG,79,79,2316,306,610,.502,38,114,.333,268,496,.540,.533,114,171,.667,57,136,193,427,78,10,153,191,764,0,,douglsh01
128,P.J. Brown,27,MIA,PF,80,71,2592,300,656,.457,0,2,.000,300,654,.459,.457,161,220,.732,239,431,670,92,85,98,113,283,761,0,DEF2,brownpj01
129,Nick Anderson,29,ORL,SG,63,61,2163,288,725,.397,143,405,.353,145,320,.453,.496,38,94,.404,66,238,304,182,120,32,86,160,757,0,,anderni01
130,Bob Sura,23,CLE,SG,82,23,2269,253,587,.431,53,164,.323,200,423,.473,.476,196,319,.614,76,232,308,390,90,33,181,218,755,0,,surabo01
131,Travis Best,24,IND,PG,76,46,2064,274,620,.442,57,155,.368,217,465,.467,.488,149,197,.756,36,130,166,318,98,5,153,221,754,0,,besttr01
132,Toni Kukoč,28,CHI,SF,57,15,1610,285,605,.471,50,151,.331,235,454,.518,.512,134,174,.770,94,167,261,256,60,29,91,97,754,0,6MOY-2,kukocto01
133,Derek Harper,35,DAL,PG,75,29,2210,299,674,.444,60,176,.341,239,498,.480,.488,95,128,.742,30,107,137,321,92,12,132,144,753,0,,harpede01
134,Cedric Ceballos,27,2TM,SF,50,40,1426,282,617,.457,26,102,.255,256,515,.497,.478,139,186,.747,102,228,330,64,33,23,85,113,729,0,,cebalce01
134,Cedric Ceballos,27,LAL,SF,8,8,279,34,83,.410,5,21,.238,29,62,.468,.440,13,15,.867,11,42,53,15,5,6,17,19,86,0,,cebalce01
134,Cedric Ceballos,27,PHO,SF,42,32,1147,248,534,.464,21,81,.259,227,453,.501,.484,126,171,.737,91,186,277,49,28,17,68,94,643,0,,cebalce01
135,Billy Owens,27,SAC,SF,66,56,1995,299,640,.467,25,72,.347,274,568,.482,.487,101,145,.697,134,258,392,187,62,25,133,187,724,0,,owensbi01
136,Johnny Newman,33,MIL,SF,82,4,2060,246,547,.450,34,98,.347,212,449,.472,.481,189,247,.765,66,120,186,116,73,17,115,257,715,0,,newmajo01
137,Sasha Danilović,26,2TM,SG,56,42,1789,248,570,.435,85,236,.360,163,334,.488,.510,121,151,.801,29,107,136,102,54,9,116,160,702,0,,danilsa01
137,Sasha Danilović,26,MIA,SG,43,33,1351,175,396,.442,63,176,.358,112,220,.509,.521,73,94,.777,21,81,102,77,39,8,94,123,486,0,,danilsa01
137,Sasha Danilović,26,DAL,SG,13,9,438,73,174,.420,22,60,.367,51,114,.447,.483,48,57,.842,8,26,34,25,15,1,22,37,216,0,,danilsa01
138,Derek Strong,28,ORL,PF,82,21,2004,262,586,.447,0,13,.000,262,573,.457,.447,175,218,.803,174,345,519,73,47,20,102,196,699,0,,stronde01
139,Armen Gilliam,32,MIL,PF,80,25,2050,246,522,.471,0,0,,246,522,.471,.471,199,259,.768,136,361,497,53,61,40,105,206,691,0,,gilliar01
140,Tyrone Corbin,34,ATL,SF,70,65,2305,253,600,.422,74,208,.356,179,392,.457,.483,86,108,.796,76,218,294,124,90,7,85,176,666,0,,corbity01
141,Steve Kerr,31,CHI,PG,82,0,1861,249,467,.533,110,237,.464,139,230,.604,.651,54,67,.806,29,101,130,175,67,3,43,98,662,0,,kerrst01
142,Ricky Pierce,37,2TM,SG,60,27,1250,239,497,.481,42,95,.442,197,402,.490,.523,139,155,.897,36,85,121,80,28,9,68,97,659,0,,piercri01
142,Ricky Pierce,37,DEN,SG,33,10,600,120,260,.462,12,39,.308,108,221,.489,.485,83,92,.902,17,36,53,31,14,5,38,49,335,0,,piercri01
142,Ricky Pierce,37,CHH,SG,27,17,650,119,237,.502,30,56,.536,89,181,.492,.565,56,63,.889,19,49,68,49,14,4,30,48,324,0,,piercri01
143,George McCloud,29,2TM,SF,64,28,1493,238,578,.412,99,254,.390,139,324,.429,.497,83,101,.822,36,143,179,109,61,8,61,126,658,0,,mccloge01
143,George McCloud,29,DAL,SF,41,26,1207,204,482,.423,78,205,.380,126,277,.455,.504,77,92,.837,29,114,143,92,52,8,52,106,563,0,,mccloge01
143,George McCloud,29,LAL,SF,23,2,286,34,96,.354,21,49,.429,13,47,.277,.464,6,9,.667,7,29,36,17,9,0,9,20,95,0,,mccloge01
144,Mark Davis,23,PHI,SF,75,17,1705,251,535,.469,24,93,.258,227,442,.514,.492,113,168,.673,138,185,323,135,85,31,118,230,639,0,6MOY-7,davisma02
145,Bo Outlaw,25,LAC,PF,82,25,2195,254,417,.609,0,8,.000,254,409,.621,.609,117,232,.504,174,280,454,157,94,142,107,227,625,0,6MOY-7,outlabo01
146,Greg Anthony,29,VAN,PG,65,44,1863,199,507,.393,88,238,.370,111,269,.413,.479,130,178,.730,25,159,184,407,129,4,129,122,616,0,,anthogr01
147,Popeye Jones,26,TOR,PF,79,61,2421,258,537,.480,1,13,.077,257,524,.490,.481,99,121,.818,270,410,680,84,58,39,116,269,616,0,,jonespo01
148,Chris Childs,29,NYK,PG,65,61,2076,211,510,.414,70,181,.387,141,329,.429,.482,113,149,.758,22,169,191,398,78,11,180,213,605,1,,childch01
149,Antoine Carr,35,UTA,PF,82,0,1460,252,522,.483,0,3,.000,252,519,.486,.483,99,127,.780,60,135,195,74,24,63,75,214,603,0,,carran01
150,Jason Kidd,23,2TM,PG,55,45,1964,213,529,.403,61,165,.370,152,364,.418,.460,112,165,.679,64,185,249,496,124,20,142,114,599,2,,kiddja01
150,Jason Kidd,23,DAL,PG,22,22,791,75,203,.369,21,65,.323,54,138,.391,.421,46,69,.667,30,60,90,200,45,8,66,42,217,0,,kiddja01
150,Jason Kidd,23,PHO,PG,33,23,1173,138,326,.423,40,100,.400,98,226,.434,.485,66,96,.688,34,125,159,296,79,12,76,72,382,2,,kiddja01
151,Carl Herrera,30,SAS,PF,75,58,1837,257,593,.433,2,6,.333,255,587,.434,.435,81,118,.686,118,222,340,50,62,53,95,217,597,0,,herreca01
152,A.C. Green,33,2TM,PF,83,73,2492,234,484,.483,1,20,.050,233,464,.502,.485,128,197,.650,222,434,656,69,70,16,74,145,597,0,,greenac01
152,A.C. Green,33,PHO,PF,27,19,548,61,128,.477,0,3,.000,61,125,.488,.477,31,48,.646,33,105,138,17,18,1,20,34,153,0,,greenac01
152,A.C. Green,33,DAL,PF,56,54,1944,173,356,.486,1,17,.059,172,339,.507,.487,97,149,.651,189,329,518,52,52,15,54,111,444,0,,greenac01
153,Monty Williams,25,SAS,SF,65,26,1345,234,460,.509,0,1,.000,234,459,.510,.509,120,186,.645,98,108,206,91,55,52,116,161,588,0,,willimo01
154,Sean Elliott,28,SAS,SF,39,39,1393,196,464,.422,42,126,.333,154,338,.456,.468,148,196,.755,48,142,190,124,24,24,89,105,582,0,,elliose01
155,Ervin Johnson,29,DEN,C,82,82,2599,243,467,.520,0,2,.000,243,465,.523,.520,96,156,.615,231,682,913,71,65,227,118,288,582,0,,johnser02
156,Cory Alexander,23,SAS,PG,80,6,1454,194,490,.396,94,252,.373,100,238,.420,.492,95,129,.736,29,94,123,254,82,16,146,148,577,0,,alexaco01
157,Marty Conlon,29,BOS,C,74,15,1614,214,454,.471,2,10,.200,212,444,.477,.474,144,171,.842,128,195,323,104,46,18,109,154,574,0,,conloma01
158,James Robinson,26,MIN,PG,69,5,1309,196,482,.407,102,267,.382,94,215,.437,.512,78,114,.684,24,88,112,126,30,8,69,125,572,0,,robinja02
159,Tony Massenburg,29,NJN,PF,79,49,1954,219,452,.485,0,1,.000,219,451,.486,.485,130,206,.631,222,295,517,23,38,50,91,217,568,0,,masseto01
160,Terry Porter,33,MIN,PG,82,20,1568,187,449,.416,67,200,.335,120,249,.482,.491,127,166,.765,31,145,176,295,54,11,128,104,568,0,,portete01
161,Will Perdue,31,SAS,C,65,34,1918,233,410,.568,0,0,,233,410,.568,.568,99,171,.579,251,387,638,38,32,102,87,184,565,0,,perduwi01
162,Elliot Perry,27,MIL,PG,82,3,1595,217,458,.474,49,137,.358,168,321,.523,.527,79,106,.745,24,100,124,247,98,3,111,117,562,0,,perryel01
163,Lorenzen Wright,21,LAC,C,77,51,1936,236,491,.481,1,4,.250,235,487,.483,.482,88,150,.587,206,265,471,49,48,60,79,211,561,0,,wrighlo02
164,Greg Ostertag,23,UTA,C,77,70,1818,210,408,.515,0,4,.000,210,404,.520,.515,139,205,.678,180,385,565,27,24,152,74,233,559,0,,ostergr01
165,Brian Shaw,30,ORL,PG,77,31,1867,189,516,.366,63,194,.325,126,322,.391,.427,111,140,.793,47,147,194,319,67,26,170,197,552,0,,shawbr01
166,Carlos Rogers,25,TOR,PF,56,3,1397,212,404,.525,25,66,.379,187,338,.553,.556,102,170,.600,120,184,304,37,42,69,53,140,551,0,,rogerca01
167,Jayson Williams,28,NJN,PF,41,40,1432,221,540,.409,0,4,.000,221,536,.412,.409,108,183,.590,242,311,553,51,24,36,82,158,550,0,,willija01
168,Jason Caffey,23,CHI,PF,75,19,1405,205,385,.532,0,1,.000,205,384,.534,.532,139,211,.659,135,166,301,89,25,9,97,149,549,0,,caffeja01
169,Lamond Murray,23,LAC,SF,74,1,1295,181,435,.416,31,91,.341,150,344,.436,.452,156,211,.739,85,148,233,57,53,29,86,113,549,0,,murrala01
170,Roy Rogers,23,VAN,PF,82,50,1848,244,483,.505,1,1,1.000,243,482,.504,.506,54,94,.574,139,247,386,46,21,163,86,214,543,0,,rogerro02
171,Dean Garrett,30,MIN,C,68,47,1665,223,389,.573,0,0,,223,389,.573,.573,96,138,.696,149,346,495,38,40,95,34,158,542,0,,garrede01
172,Hot Rod Williams,34,PHO,C,68,66,2137,204,416,.490,0,2,.000,204,414,.493,.490,133,198,.672,178,384,562,100,67,88,66,176,541,0,,williho01
173,Kobe Bryant,18,LAL,SF,71,6,1103,176,422,.417,51,136,.375,125,286,.437,.477,136,166,.819,47,85,132,91,49,23,112,102,539,0,,bryanko01
174,Luc Longley,28,CHI,C,59,59,1472,221,485,.456,0,2,.000,221,483,.458,.456,95,120,.792,121,211,332,141,23,66,111,191,537,0,,longllu01
175,Michael Smith,24,SAC,PF,81,52,2526,202,375,.539,0,0,,202,375,.539,.539,128,258,.496,257,512,769,191,82,60,130,251,532,0,,smithmi02
176,Doug West,29,MIN,SG,68,66,1920,226,484,.467,15,45,.333,211,439,.481,.482,64,94,.681,37,111,148,113,61,24,66,218,531,0,,westdo01
177,Byron Scott,35,LAL,SG,79,8,1440,163,379,.430,73,188,.388,90,191,.471,.526,127,151,.841,21,97,118,99,46,16,53,72,526,0,,scottby01
178,Muggsy Bogues,32,CHH,PG,65,65,1880,204,443,.460,60,144,.417,144,299,.482,.528,54,64,.844,25,116,141,469,82,2,108,114,522,0,,boguemu01
179,Khalid Reeves,24,2TM,PG,63,30,1432,184,470,.391,83,227,.366,101,243,.416,.480,65,87,.747,34,85,119,226,34,9,108,159,516,0,,reevekh01
179,Khalid Reeves,24,NJN,PG,50,18,1048,141,359,.393,76,192,.396,65,167,.389,.499,56,75,.747,22,66,88,170,23,7,82,119,414,0,,reevekh01
179,Khalid Reeves,24,DAL,PG,13,12,384,43,111,.387,7,35,.200,36,76,.474,.419,9,12,.750,12,19,31,56,11,2,26,40,102,0,,reevekh01
180,Tom Hammonds,29,DEN,PF,81,8,1758,191,398,.480,0,2,.000,191,396,.482,.480,124,172,.721,135,266,401,64,16,24,88,205,506,0,,hammoto01
181,Tyus Edney,23,SAC,PG,70,20,1376,150,391,.384,8,42,.190,142,349,.407,.394,177,215,.823,34,79,113,226,60,2,112,98,485,0,,edneyty01
182,Jalen Rose,24,IND,SF,66,6,1188,172,377,.456,21,72,.292,151,305,.495,.484,117,156,.750,27,94,121,155,57,18,107,136,482,0,,roseja01
183,Ron Harper,33,CHI,PG,76,74,1740,177,406,.436,68,188,.362,109,218,.500,.520,58,82,.707,46,147,193,191,86,38,50,138,480,0,,harpero01
184,Blue Edwards,31,VAN,SF,61,12,1439,182,458,.397,25,89,.281,157,369,.425,.425,89,109,.817,49,140,189,114,38,20,81,135,478,0,,edwarbl01
185,Jerome Kersey,34,LAL,SF,70,44,1766,194,449,.432,17,65,.262,177,384,.461,.451,71,118,.602,112,251,363,89,119,49,74,219,476,0,,kerseje01
186,Terry Dehere,25,LAC,PG,73,3,1053,148,383,.386,52,160,.325,96,223,.430,.454,122,148,.824,15,80,95,158,27,3,96,142,470,0,,deherte01
187,Vitaly Potapenko,21,CLE,C,80,3,1238,186,423,.440,1,2,.500,185,421,.439,.441,92,125,.736,105,112,217,40,26,34,109,216,465,0,,potapvi01
188,Buck Williams,36,NYK,PF,74,4,1496,175,326,.537,0,1,.000,175,325,.538,.537,115,179,.642,166,231,397,53,40,38,79,204,465,0,,willibu01
189,Lawrence Moten,24,VAN,SG,67,18,1214,171,441,.388,41,141,.291,130,300,.433,.434,64,99,.646,43,76,119,129,48,24,81,83,447,0,,motenla01
190,Brooks Thompson,26,2TM,PG,67,6,1055,162,406,.399,97,244,.398,65,162,.401,.518,24,38,.632,18,78,96,180,55,2,87,126,445,0,,thompbr01
190,Brooks Thompson,26,UTA,PG,2,0,8,0,1,.000,0,0,,0,1,.000,.000,0,0,,0,0,0,1,0,0,1,1,0,0,,thompbr01
190,Brooks Thompson,26,DEN,PG,65,6,1047,162,405,.400,97,244,.398,65,161,.404,.520,24,38,.632,18,78,96,179,55,2,86,125,445,0,,thompbr01
191,Donyell Marshall,23,GSW,SF,61,20,1022,174,421,.413,35,111,.315,139,310,.448,.455,61,98,.622,92,184,276,54,25,46,55,96,444,0,,marshdo01
192,Brent Barry,25,LAC,SG,59,0,1094,155,379,.409,56,173,.324,99,206,.481,.483,76,93,.817,30,80,110,154,51,15,76,88,442,0,,barrybr01
193,Theo Ratliff,23,DET,C,76,38,1292,179,337,.531,0,0,,179,337,.531,.531,81,116,.698,109,147,256,13,29,111,56,181,439,0,,ratlith01
194,Matt Geiger,27,CHH,C,49,13,1044,171,350,.489,6,20,.300,165,330,.500,.497,89,127,.701,100,158,258,38,20,27,67,153,437,0,,geigema01
195,Aaron McKie,24,2TM,SG,83,11,1625,150,365,.411,41,103,.398,109,262,.416,.467,92,110,.836,40,181,221,161,77,22,90,130,433,0,,mckieaa01
195,Aaron McKie,24,POR,SG,41,8,775,53,156,.340,23,55,.418,30,101,.297,.413,41,49,.837,13,80,93,84,34,15,48,61,170,0,,mckieaa01
195,Aaron McKie,24,DET,SG,42,3,850,97,209,.464,18,48,.375,79,161,.491,.507,51,61,.836,27,101,128,77,43,7,42,69,263,0,,mckieaa01
196,Chris Whitney,25,WSB,PG,82,1,1117,139,330,.421,58,163,.356,81,167,.485,.509,94,113,.832,13,91,104,182,49,4,68,100,430,0,,whitnch01
197,Eddie Johnson,37,2TM,SF,52,2,913,160,362,.442,49,131,.374,111,231,.481,.510,55,68,.809,27,111,138,52,15,2,47,81,424,0,,johnsed03
197,Eddie Johnson,37,IND,SF,28,0,306,59,136,.434,9,28,.321,50,108,.463,.467,20,27,.741,3,37,40,17,5,1,17,33,147,0,,johnsed03
197,Eddie Johnson,37,HOU,SF,24,2,607,101,226,.447,40,103,.388,61,123,.496,.535,35,41,.854,24,74,98,35,10,1,30,48,277,0,,johnsed03
198,Robert Horry,26,2TM,SF,54,29,1395,157,360,.436,49,154,.318,108,206,.524,.504,60,90,.667,68,169,237,110,66,55,72,153,423,0,,horryro01
198,Robert Horry,26,PHO,SF,32,15,719,82,195,.421,24,78,.308,58,117,.496,.482,32,50,.640,40,79,119,54,28,26,46,81,220,0,,horryro01
198,Robert Horry,26,LAL,SF,22,14,676,75,165,.455,25,76,.329,50,89,.562,.530,28,40,.700,28,90,118,56,38,29,26,72,203,0,,horryro01
199,Darrell Armstrong,28,ORL,PG,67,0,1010,132,345,.383,55,181,.304,77,164,.470,.462,92,106,.868,35,41,76,175,61,9,99,114,411,0,,armstda01
200,Lee Mayberry,26,VAN,PG,80,38,1952,149,370,.403,83,221,.376,66,149,.443,.515,29,46,.630,29,105,134,329,60,8,90,159,410,0,,maybele01
201,Charlie Ward,26,NYK,PG,79,21,1763,133,337,.395,48,154,.312,85,183,.464,.466,95,125,.760,45,175,220,326,83,15,147,188,409,0,,wardch01
202,Eldridge Recasner,29,ATL,SG,71,4,1207,148,350,.423,58,140,.414,90,210,.429,.506,51,58,.879,35,80,115,94,38,4,65,97,405,0,,recasel01
203,Don MacLean,27,PHI,SF,37,2,733,163,365,.447,12,38,.316,151,327,.462,.463,64,97,.660,41,99,140,37,12,10,47,71,402,0,,macledo01
204,Rex Walters,26,PHI,SG,59,16,1041,148,325,.455,57,148,.385,91,177,.514,.543,49,62,.790,21,86,107,113,28,3,61,75,402,0,,waltere01
205,Derrick McKey,30,IND,SF,50,49,1449,148,379,.391,15,58,.259,133,321,.414,.410,89,123,.724,80,161,241,135,47,30,83,141,400,0,,mckeyde01
206,Duane Ferrell,31,IND,SF,62,18,1115,159,337,.472,18,44,.409,141,293,.481,.499,58,94,.617,57,84,141,66,38,6,55,120,394,0,,ferredu01
207,Dan Majerle,31,MIA,SF,36,26,1264,141,347,.406,68,201,.338,73,146,.500,.504,40,59,.678,45,117,162,116,54,14,50,75,390,0,,majerda01
208,Sharone Wright,24,TOR,C,60,28,1009,161,403,.400,0,1,.000,161,402,.400,.400,68,133,.511,79,107,186,28,15,50,93,146,390,0,,wrighsh01
209,B.J. Armstrong,29,GSW,PG,49,17,1020,148,327,.453,25,90,.278,123,237,.519,.491,68,79,.861,7,67,74,126,25,2,53,56,389,0,,armstbj01
210,Eric Piatkowski,26,LAC,SG,65,0,747,134,298,.450,51,120,.425,83,178,.466,.535,69,84,.821,49,56,105,52,33,10,46,85,388,0,,piatker01
211,Anthony Goldwire,25,2TM,PG,60,30,1188,131,330,.397,64,153,.418,67,177,.379,.494,61,78,.782,12,72,84,219,33,2,76,104,387,0,,goldwan01
211,Anthony Goldwire,25,CHH,PG,33,9,576,62,154,.403,36,82,.439,26,72,.361,.519,30,40,.750,3,35,38,94,19,1,41,58,190,0,,goldwan01
211,Anthony Goldwire,25,DEN,PG,27,21,612,69,176,.392,28,71,.394,41,105,.390,.472,31,38,.816,9,37,46,125,14,1,35,46,197,0,,goldwan01
212,Shandon Anderson,23,UTA,SG,65,0,1066,147,318,.462,24,47,.511,123,271,.454,.500,68,99,.687,52,127,179,49,27,8,73,113,386,0,,andersh01
213,Keith Askins,29,MIA,SF,78,30,1773,138,319,.433,69,172,.401,69,147,.469,.541,39,58,.672,86,185,271,75,53,19,59,196,384,0,,askinke01
214,Mark Bryant,31,PHO,PF,41,18,1018,152,275,.553,0,0,,152,275,.553,.553,76,108,.704,67,145,212,47,22,5,46,136,380,0,,bryanma01
215,Andrew DeClercq,23,GSW,C,71,1,1065,142,273,.520,0,0,,142,273,.520,.520,91,151,.603,122,176,298,32,33,27,76,229,375,0,,declean01
216,Jaren Jackson,29,WSB,SG,75,0,1133,134,329,.407,53,158,.335,81,171,.474,.488,53,69,.768,31,101,132,65,45,16,60,131,374,0,,jacksja01
217,Felton Spencer,29,2TM,C,73,65,1558,139,284,.489,0,0,,139,284,.489,.489,94,161,.584,157,259,416,22,34,50,88,275,372,0,,spencfe01
217,Felton Spencer,29,ORL,C,1,1,19,2,2,1.000,0,0,,2,2,1.000,1.000,0,0,,5,1,6,1,0,0,1,2,4,0,,spencfe01
217,Felton Spencer,29,GSW,C,72,64,1539,137,282,.486,0,0,,137,282,.486,.486,94,161,.584,152,258,410,21,34,50,87,273,368,0,,spencfe01
218,Terry Cummings,35,SEA,PF,45,3,828,155,319,.486,3,5,.600,152,314,.484,.491,57,82,.695,70,113,183,39,33,7,45,113,370,0,,cummite01
219,Erick Dampier,21,IND,C,72,21,1052,131,336,.390,1,1,1.000,130,335,.388,.391,107,168,.637,96,198,294,43,19,73,84,153,370,0,,dampier01
220,Howard Eisley,24,UTA,PG,82,0,1083,139,308,.451,20,72,.278,119,236,.504,.484,70,89,.787,20,64,84,198,44,10,110,141,368,0,,eisleho01
221,Scott Williams,28,PHI,C,62,52,1317,162,318,.509,0,2,.000,162,316,.513,.509,38,55,.691,155,242,397,41,44,41,50,206,362,0,,willisc01
222,Henry James,31,ATL,PF,53,15,945,125,306,.408,76,181,.420,49,125,.392,.533,30,36,.833,27,54,81,21,11,1,29,98,356,0,,jameshe01
223,Dino Radja,29,BOS,C,25,25,874,149,339,.440,0,1,.000,149,338,.441,.440,51,71,.718,44,167,211,48,23,48,70,76,349,0,,radjadi01
224,Xavier McDaniel,33,NJN,PF,62,5,1170,138,355,.389,5,25,.200,133,330,.403,.396,65,89,.730,124,194,318,65,36,17,70,144,346,0,,mcdanxa01
225,Tony Smith,28,CHH,PG,69,39,1291,138,337,.409,32,99,.323,106,238,.445,.457,38,59,.644,38,56,94,150,48,19,73,110,346,0,,smithto02
226,Wayman Tisdale,32,PHO,PF,53,15,778,158,371,.426,0,0,,158,371,.426,.426,30,48,.625,35,85,120,20,8,21,36,111,346,0,,tisdawa01
227,Travis Knight,22,LAL,C,71,14,1156,140,275,.509,0,0,,140,275,.509,.509,62,100,.620,130,189,319,39,31,58,49,170,342,0,,knightr01
228,George Lynch,26,VAN,SF,41,27,1059,137,291,.471,8,31,.258,129,260,.496,.485,60,97,.619,98,163,261,76,63,17,64,97,342,0,,lynchge01
229,Randy Brown,28,CHI,PG,72,3,1057,140,333,.420,4,22,.182,136,311,.437,.426,57,84,.679,34,77,111,133,81,17,58,116,341,0,,brownra02
230,Eric Montross,25,2TM,C,78,77,1828,159,349,.456,0,0,,159,349,.456,.456,21,62,.339,181,337,518,61,20,73,77,268,339,0,,montrer01
230,Eric Montross,25,DAL,C,47,46,984,86,187,.460,0,0,,86,187,.460,.460,10,34,.294,66,170,236,32,9,34,51,150,182,0,,montrer01
230,Eric Montross,25,NJN,C,31,31,844,73,162,.451,0,0,,73,162,.451,.451,11,28,.393,115,167,282,29,11,39,26,118,157,0,,montrer01
231,Chris Carr,22,MIN,SG,55,10,830,125,271,.461,31,88,.352,94,183,.514,.518,56,73,.767,31,82,113,48,24,10,37,93,337,0,,carrch01
232,Tony Delk,23,CHH,PG,61,1,867,119,256,.465,52,112,.464,67,144,.465,.566,42,51,.824,31,68,99,99,36,6,68,71,332,0,,delkto01
233,Pooh Richardson,30,LAC,PG,59,18,1065,131,344,.381,42,128,.328,89,216,.412,.442,26,43,.605,25,73,98,169,54,5,62,82,330,0,,richapo01
234,Grant Long,30,DET,PF,65,24,1166,123,275,.447,17,47,.362,106,228,.465,.478,63,84,.750,88,134,222,39,43,6,48,106,326,0,,longgr01
235,John Wallace,22,NYK,SF,68,6,787,122,236,.517,2,4,.500,120,232,.517,.521,79,110,.718,51,104,155,37,21,25,76,102,325,0,,wallajo01
236,Greg Anderson,32,SAS,C,82,48,1659,130,262,.496,0,1,.000,130,261,.498,.496,62,93,.667,157,291,448,34,63,67,73,225,322,0,,andergr01
237,Matt Bullard,29,HOU,PF,71,12,1025,114,284,.401,67,183,.366,47,101,.465,.519,25,34,.735,13,104,117,67,21,18,38,68,320,0,,bullama01
238,Michael Curry,28,DET,SG,81,2,1217,99,221,.448,23,77,.299,76,144,.528,.500,97,108,.898,23,96,119,43,31,12,28,128,318,0,,currymi01
239,Chris Dudley,31,POR,C,81,14,1840,126,293,.430,0,0,,126,293,.430,.430,65,137,.474,204,389,593,41,39,96,80,247,317,0,,dudlech02
240,Harvey Grant,31,WSB,PF,78,25,1604,129,314,.411,28,89,.315,101,225,.449,.455,30,39,.769,63,193,256,68,46,48,30,167,316,0,,grantha01
241,Jim McIlvaine,24,SEA,C,82,79,1477,130,276,.471,1,7,.143,129,269,.480,.473,53,107,.495,132,198,330,23,39,164,62,247,314,0,,mcilvji01
242,Chris Morris,31,UTA,SF,73,1,977,122,299,.408,31,113,.274,91,186,.489,.460,39,54,.722,37,125,162,43,29,24,45,121,314,0,,morrich01
243,Bimbo Coles,28,GSW,PG,51,13,1183,122,314,.389,30,102,.294,92,212,.434,.436,37,49,.755,39,79,118,149,35,7,59,96,311,0,,colesbi01
244,Dennis Rodman,35,CHI,PF,55,54,1947,128,286,.448,5,19,.263,123,267,.461,.456,50,88,.568,320,563,883,170,32,19,111,172,311,0,,rodmade01
245,Derek Fisher,22,LAL,PG,80,3,921,104,262,.397,22,73,.301,82,189,.434,.439,79,120,.658,25,72,97,119,41,5,71,87,309,0,,fishede01
246,Kevin Gamble,31,SAC,SF,62,2,953,123,286,.430,54,112,.482,69,174,.397,.524,7,10,.700,13,94,107,77,21,17,27,76,307,0,,gamblke01
247,Todd Fuller,22,GSW,C,75,18,949,114,266,.429,0,0,,114,266,.429,.429,76,110,.691,108,141,249,24,10,20,52,146,304,0,,fulleto02
248,Dana Barros,29,BOS,PG,24,8,708,110,253,.435,43,105,.410,67,148,.453,.520,37,43,.860,5,43,48,81,26,6,39,34,300,0,,barroda01
249,Larry Stewart,28,SEA,SF,70,21,982,112,252,.444,9,37,.243,103,215,.479,.462,67,93,.720,75,96,171,52,31,23,63,108,300,0,,stewala01
250,Kenny Smith,31,3TM,PG,48,3,765,101,239,.423,59,135,.437,42,104,.404,.546,39,45,.867,4,40,44,116,19,0,71,30,300,0,,smithke01
250,Kenny Smith,31,DET,PG,9,0,64,8,20,.400,5,10,.500,3,10,.300,.525,2,2,1.000,0,5,5,10,1,0,3,2,23,0,,smithke01
250,Kenny Smith,31,ORL,PG,6,0,47,6,13,.462,3,5,.600,3,8,.375,.577,2,2,1.000,1,1,2,4,0,0,6,3,17,0,,smithke01
250,Kenny Smith,31,DEN,PG,33,3,654,87,206,.422,51,120,.425,36,86,.419,.546,35,41,.854,3,34,37,102,18,0,62,25,260,0,,smithke01
251,Erick Strickland,23,DAL,SG,28,15,759,102,256,.398,28,92,.304,74,164,.451,.453,65,80,.813,21,69,90,68,27,5,66,75,297,0,,stricer01
252,Oliver Miller,26,2TM,C,61,8,1152,123,238,.517,0,2,.000,123,236,.521,.517,48,79,.608,105,201,306,87,47,63,90,181,294,0,,milleol01
252,Oliver Miller,26,DAL,C,42,0,836,76,154,.494,0,1,.000,76,153,.497,.494,28,53,.528,82,151,233,58,34,50,70,133,180,0,,milleol01
252,Oliver Miller,26,TOR,C,19,8,316,47,84,.560,0,1,.000,47,83,.566,.560,20,26,.769,23,50,73,29,13,13,20,48,114,0,,milleol01
253,Scott Burrell,26,2TM,SF,57,2,939,98,271,.362,41,116,.353,57,155,.368,.437,57,76,.750,49,109,158,74,28,19,53,120,294,0,,burresc01
253,Scott Burrell,26,CHH,SF,28,2,482,45,131,.344,19,55,.345,26,76,.342,.416,42,53,.792,24,55,79,39,14,11,25,60,151,0,,burresc01
253,Scott Burrell,26,GSW,SF,29,0,457,53,140,.379,22,61,.361,31,79,.392,.457,15,23,.652,25,54,79,35,14,8,28,60,143,0,,burresc01
254,Lucious Harris,26,PHI,SG,54,3,813,112,294,.381,36,99,.364,76,195,.390,.442,33,47,.702,27,44,71,50,41,3,34,45,293,0,,harrilu01
255,Sam Mack,26,HOU,SF,52,10,904,105,262,.401,47,142,.331,58,120,.483,.490,35,42,.833,20,86,106,58,29,6,42,67,292,0,,macksa01
256,Jon Barry,27,ATL,SG,58,8,965,100,246,.407,48,124,.387,52,122,.426,.504,37,46,.804,26,73,99,115,55,3,59,56,285,0,,barryjo01
257,Bill Wennington,33,CHI,C,61,19,783,118,237,.498,0,2,.000,118,235,.502,.498,44,53,.830,46,83,129,41,10,11,31,132,280,0,,wennibi01
258,Stacey Augmon,28,2TM,SG,60,10,942,105,220,.477,0,0,,105,220,.477,.477,69,97,.711,47,91,138,56,42,17,64,87,279,0,,augmost01
258,Stacey Augmon,28,DET,SG,20,3,292,31,77,.403,0,0,,31,77,.403,.403,28,41,.683,14,35,49,15,10,10,27,29,90,0,,augmost01
258,Stacey Augmon,28,POR,SG,40,7,650,74,143,.517,0,0,,74,143,.517,.517,41,56,.732,33,56,89,41,32,7,37,58,189,0,,augmost01
259,Greg Foster,28,UTA,C,79,12,920,111,245,.453,2,3,.667,109,242,.450,.457,54,65,.831,56,131,187,31,10,20,54,145,278,0,,fostegr01
260,Andrew Lang,30,MIL,C,52,52,1194,115,248,.464,0,0,,115,248,.464,.464,44,61,.721,94,184,278,25,26,47,39,140,274,0,,langan01
261,Othella Harrington,23,HOU,PF,57,1,860,112,204,.549,0,3,.000,112,201,.557,.549,49,81,.605,75,123,198,18,12,22,57,112,273,0,,harriot01
262,Loren Meyer,24,2TM,PF,54,33,708,108,244,.443,4,7,.571,104,237,.439,.451,46,64,.719,53,92,145,19,11,15,62,125,266,0,,meyerlo01
262,Loren Meyer,24,DAL,PF,19,16,259,34,78,.436,1,2,.500,33,76,.434,.442,9,12,.750,14,35,49,7,6,3,27,52,78,0,,meyerlo01
262,Loren Meyer,24,PHO,PF,35,17,449,74,166,.446,3,5,.600,71,161,.441,.455,37,52,.712,39,57,96,12,5,12,35,73,188,0,,meyerlo01
263,Sean Rooks,27,LAL,C,69,3,735,87,185,.470,0,1,.000,87,184,.473,.470,91,130,.700,56,107,163,42,17,38,51,123,265,0,,rooksse01
264,Brian Grant,24,SAC,PF,24,15,607,91,207,.440,0,0,,91,207,.440,.440,70,90,.778,49,93,142,28,19,25,44,75,252,0,,grantbr01
265,Cherokee Parks,24,MIN,PF,76,0,961,103,202,.510,0,1,.000,103,201,.512,.510,46,76,.605,83,112,195,34,41,48,32,150,252,0,,parksch02
266,Randy Livingston,21,HOU,PG,64,0,981,100,229,.437,9,22,.409,91,207,.440,.456,42,65,.646,32,62,94,155,39,12,102,107,251,0,,livinra01
267,Corie Blount,28,LAL,PF,58,18,1009,92,179,.514,1,3,.333,91,176,.517,.517,56,83,.675,113,163,276,35,22,26,50,121,241,0,,blounco01
268,Vincent Askew,30,3TM,SG,43,0,838,81,186,.435,7,24,.292,74,162,.457,.454,70,88,.795,25,73,98,90,17,6,46,123,239,0,,askewvi01
268,Vincent Askew,30,NJN,SG,1,0,7,0,0,,0,0,,0,0,,,0,0,,0,0,0,0,0,0,0,1,0,0,,askewvi01
268,Vincent Askew,30,IND,SG,41,0,822,79,183,.432,7,24,.292,72,159,.453,.451,68,86,.791,25,73,98,90,17,6,42,122,233,0,,askewvi01
268,Vincent Askew,30,DEN,SG,1,0,9,2,3,.667,0,0,,2,3,.667,.667,2,2,1.000,0,0,0,0,0,0,4,0,6,0,,askewvi01
269,David Wingate,33,SEA,SG,65,2,929,89,214,.416,25,71,.352,64,143,.448,.474,33,40,.825,23,51,74,80,44,5,37,108,236,0,,wingada01
270,Adam Keefe,26,UTA,C,62,0,915,82,160,.513,0,1,.000,82,159,.516,.513,71,103,.689,75,141,216,32,30,13,45,97,235,0,,keefead01
271,Ed O'Bannon,24,2TM,SF,64,5,809,93,279,.333,18,70,.257,75,209,.359,.366,31,35,.886,50,98,148,39,29,12,20,97,235,0,,obanned01
271,Ed O'Bannon,24,NJN,SF,45,5,634,76,207,.367,17,60,.283,59,147,.401,.408,20,23,.870,41,71,112,28,24,10,14,78,189,0,,obanned01
271,Ed O'Bannon,24,DAL,SF,19,0,175,17,72,.236,1,10,.100,16,62,.258,.243,11,12,.917,9,27,36,11,5,2,6,19,46,0,,obanned01
272,John Crotty,27,MIA,PG,48,0,659,79,154,.513,20,49,.408,59,105,.562,.578,54,64,.844,15,32,47,102,18,0,42,79,232,0,,crottjo01
273,Jerome Allen,24,2TM,SG,76,1,943,78,221,.353,30,93,.323,48,128,.375,.421,42,72,.583,25,73,98,152,31,4,69,84,228,0,,allenje01
273,Jerome Allen,24,IND,SG,51,1,692,57,147,.388,23,59,.390,34,88,.386,.466,27,47,.574,13,52,65,109,27,0,56,67,164,0,,allenje01
273,Jerome Allen,24,DEN,SG,25,0,251,21,74,.284,7,34,.206,14,40,.350,.331,15,25,.600,12,21,33,43,4,4,13,17,64,0,,allenje01
274,Mark West,36,CLE,C,70,43,959,100,180,.556,0,0,,100,180,.556,.556,27,56,.482,69,117,186,19,11,55,52,142,227,0,,westma01
275,Fred Hoiberg,24,IND,SG,47,0,572,67,156,.429,29,70,.414,38,86,.442,.522,61,77,.792,13,68,81,41,27,6,22,51,224,0,,hoibefr01
276,Greg Minor,25,BOS,SF,23,15,547,94,196,.480,1,8,.125,93,188,.495,.482,31,36,.861,30,50,80,34,15,2,22,45,220,0,,minorgr01
277,Donald Royal,30,3TM,SF,62,4,858,62,146,.425,0,2,.000,62,144,.431,.425,94,117,.803,52,102,154,25,23,11,47,100,218,0,,royaldo01
277,Donald Royal,30,ORL,SF,1,1,29,4,10,.400,0,0,,4,10,.400,.400,4,4,1.000,1,0,1,1,0,0,3,3,12,0,,royaldo01
277,Donald Royal,30,GSW,SF,36,1,509,37,96,.385,0,2,.000,37,94,.394,.385,62,78,.795,33,62,95,14,11,9,22,55,136,0,,royaldo01
277,Donald Royal,30,CHH,SF,25,2,320,21,40,.525,0,0,,21,40,.525,.525,28,35,.800,18,40,58,10,12,2,22,42,70,0,,royaldo01
278,Doug Overton,27,PHI,PG,61,4,634,81,190,.426,10,40,.250,71,150,.473,.453,45,48,.938,18,50,68,101,24,0,39,44,217,0,,overtdo01
279,Craig Ehlo,35,SEA,SG,62,0,848,87,248,.351,27,95,.284,60,153,.392,.405,13,26,.500,39,71,110,68,36,4,45,71,214,0,,ehlocr01
280,Samaki Walker,20,DAL,PF,43,12,602,83,187,.444,0,1,.000,83,186,.446,.444,48,74,.649,47,100,147,17,15,22,39,71,214,0,,walkesa01
281,Steve Nash,22,PHO,PG,65,2,684,74,175,.423,23,55,.418,51,120,.425,.489,42,51,.824,16,47,63,138,20,0,63,92,213,0,,nashst01
282,Dontonio Wingfield,22,POR,SF,47,0,569,79,193,.409,26,77,.338,53,116,.457,.477,27,40,.675,63,74,137,45,14,6,49,101,211,0,,wingfdo01
283,Chucky Brown,28,2TM,SF,70,1,757,78,154,.506,1,6,.167,77,148,.520,.510,47,70,.671,41,107,148,28,9,22,19,100,204,0,,brownch01
283,Chucky Brown,28,PHO,SF,10,0,83,13,26,.500,0,0,,13,26,.500,.500,8,11,.727,3,13,16,4,0,2,4,14,34,0,,brownch01
283,Chucky Brown,28,MIL,SF,60,1,674,65,128,.508,1,6,.167,64,122,.525,.512,39,59,.661,38,94,132,24,9,20,15,86,170,0,,brownch01
284,Reggie Slater,26,TOR,PF,26,0,406,82,149,.550,0,2,.000,82,147,.558,.550,39,75,.520,40,55,95,21,9,6,29,34,203,0,,slatere01
285,Aaron Williams,25,2TM,C,33,1,563,85,148,.574,0,1,.000,85,147,.578,.574,33,49,.673,62,81,143,15,16,29,32,72,203,0,,williaa01
285,Aaron Williams,25,DEN,C,1,0,10,3,5,.600,0,0,,3,5,.600,.600,0,0,,2,3,5,0,0,3,4,0,6,0,,williaa01
285,Aaron Williams,25,VAN,PF,32,1,553,82,143,.573,0,1,.000,82,142,.577,.573,33,49,.673,60,78,138,15,16,26,28,72,197,0,,williaa01
286,Alan Henderson,24,ATL,PF,30,0,501,77,162,.475,0,0,,77,162,.475,.475,45,75,.600,47,69,116,23,21,6,29,73,199,0,,hendeal01
287,Eric Snow,23,SEA,PG,67,0,775,74,164,.451,4,15,.267,70,149,.470,.463,47,66,.712,17,53,70,159,37,3,48,94,199,0,,snower01
288,Kevin Edwards,31,NJN,PG,32,0,477,69,183,.377,15,43,.349,54,140,.386,.418,37,43,.860,9,34,43,57,17,4,49,34,190,0,,edwarke01
289,Clifford Rozier,24,2TM,C,42,29,737,79,174,.454,0,2,.000,79,172,.459,.454,31,61,.508,102,132,234,31,24,44,29,97,189,0,,roziecl01
289,Clifford Rozier,24,GSW,C,1,0,5,0,1,.000,0,0,,0,1,.000,.000,0,0,,0,0,0,0,0,0,0,0,0,0,,roziecl01
289,Clifford Rozier,24,TOR,C,41,29,732,79,173,.457,0,2,.000,79,171,.462,.457,31,61,.508,102,132,234,31,24,44,29,97,189,0,,roziecl01
290,Chris Robinson,22,VAN,SG,41,6,681,69,182,.379,34,89,.382,35,93,.376,.473,16,26,.615,23,48,71,65,28,9,34,85,188,0,,robinch01
291,Acie Earl,26,2TM,C,47,0,500,67,180,.372,0,5,.000,67,175,.383,.372,54,84,.643,35,61,96,20,15,28,35,61,188,0,,earlac01
291,Acie Earl,26,TOR,C,38,0,457,59,157,.376,0,5,.000,59,152,.388,.376,44,70,.629,33,52,85,18,12,27,33,54,162,0,,earlac01
291,Acie Earl,26,MIL,C,9,0,43,8,23,.348,0,0,,8,23,.348,.348,10,14,.714,2,9,11,2,3,1,2,7,26,0,,earlac01
292,Jermaine O'Neal,18,POR,PF,45,0,458,69,153,.451,0,1,.000,69,152,.454,.451,47,78,.603,39,85,124,8,2,26,27,46,185,0,,onealje01
293,Pete Chilcutt,28,VAN,PF,54,1,662,72,165,.436,25,69,.362,47,96,.490,.512,13,22,.591,67,89,156,47,26,17,28,52,182,0,,chilcpe01
294,Hubert Davis,26,TOR,SG,36,0,623,74,184,.402,16,70,.229,58,114,.509,.446,17,23,.739,11,29,40,34,11,2,21,40,181,0,,davishu01
295,Stojko Vranković,33,MIN,C,53,35,766,78,139,.561,0,0,,78,139,.561,.561,25,37,.676,57,111,168,14,10,67,52,121,181,0,,vrankst01
296,Ray Owes,24,GSW,PF,57,1,592,75,180,.417,1,5,.200,74,175,.423,.419,26,46,.565,64,99,163,15,15,20,23,86,177,0,,owesra01
297,Stephen Howard,26,2TM,SF,49,0,418,62,108,.574,0,0,,62,108,.574,.574,52,81,.642,29,56,85,11,19,12,25,62,176,0,,howarst01
297,Stephen Howard,26,SAS,SF,7,0,69,7,12,.583,0,0,,7,12,.583,.583,12,14,.857,4,5,9,1,8,2,5,7,26,0,,howarst01
297,Stephen Howard,26,UTA,SF,42,0,349,55,96,.573,0,0,,55,96,.573,.573,40,67,.597,25,51,76,10,11,10,20,55,150,0,,howarst01
298,Rumeal Robinson,30,3TM,PG,54,3,508,66,164,.402,18,56,.321,48,108,.444,.457,26,35,.743,6,41,47,73,24,2,43,60,176,0,,robinru01
298,Rumeal Robinson,30,LAL,PG,15,3,126,17,48,.354,6,23,.261,11,25,.440,.417,5,8,.625,2,8,10,13,5,2,11,12,45,0,,robinru01
298,Rumeal Robinson,30,PHO,PG,12,0,87,16,34,.471,3,10,.300,13,24,.542,.515,1,4,.250,1,6,7,8,1,0,5,8,36,0,,robinru01
298,Rumeal Robinson,30,POR,PG,27,0,295,33,82,.402,9,23,.391,24,59,.407,.457,20,23,.870,3,27,30,52,18,0,27,40,95,0,,robinru01
299,Donny Marshall,24,CLE,SF,56,0,548,52,160,.325,33,87,.379,19,73,.260,.428,38,54,.704,22,48,70,24,24,3,32,60,175,0,,marshdo02
300,Shawn Respert,24,2TM,SG,41,0,495,59,139,.424,20,57,.351,39,82,.476,.496,34,39,.872,14,25,39,40,20,2,30,40,172,0,,respesh01
300,Shawn Respert,24,MIL,SG,14,0,83,6,19,.316,1,9,.111,5,10,.500,.342,7,7,1.000,3,4,7,8,0,0,8,5,20,0,,respesh01
300,Shawn Respert,24,TOR,SG,27,0,412,53,120,.442,19,48,.396,34,72,.472,.521,27,32,.844,11,21,32,32,20,2,22,35,152,0,,respesh01
301,Antonio Lang,24,CLE,PF,64,1,843,68,162,.420,0,6,.000,68,156,.436,.420,35,48,.729,52,75,127,33,33,30,50,111,171,0,,langan02
302,Stanley Roberts,26,LAC,C,18,2,378,63,148,.426,0,0,,63,148,.426,.426,45,64,.703,24,67,91,9,8,23,23,57,171,0,,roberst01
303,Nate McMillan,32,SEA,PG,37,2,798,61,149,.409,28,84,.333,33,65,.508,.503,19,29,.655,15,103,118,140,58,6,32,78,169,0,,mcmilna01
304,Joe Kleine,35,3TM,C,59,10,848,69,170,.406,2,3,.667,67,167,.401,.412,28,38,.737,62,141,203,35,17,18,41,110,168,0,,kleinjo01
304,Joe Kleine,35,PHO,C,23,10,365,32,80,.400,1,1,1.000,31,79,.392,.406,13,18,.722,21,59,80,12,9,6,20,47,78,0,,kleinjo01
304,Joe Kleine,35,LAL,C,8,0,30,2,8,.250,0,0,,2,8,.250,.250,2,2,1.000,2,7,9,0,0,0,0,6,6,0,,kleinjo01
304,Joe Kleine,35,NJN,C,28,0,453,35,82,.427,1,2,.500,34,80,.425,.433,13,18,.722,39,75,114,23,8,12,21,57,84,0,,kleinjo01
305,Robert Parish,43,CHI,C,43,3,406,70,143,.490,0,0,,70,143,.490,.490,21,31,.677,42,47,89,22,6,19,28,40,161,0,,parisro01
306,Dee Brown,28,BOS,PG,21,2,522,61,166,.367,20,65,.308,41,101,.406,.428,18,22,.818,8,40,48,67,31,7,24,45,160,0,,brownde01
307,Malik Rose,22,CHH,PF,54,1,525,61,128,.477,0,2,.000,61,126,.484,.477,38,62,.613,70,94,164,32,28,17,41,114,160,0,,rosema01
308,Martin Müürsepp,22,2TM,PF,42,0,348,54,131,.412,4,24,.167,50,107,.467,.427,44,70,.629,35,32,67,20,12,11,18,58,156,0,,muursma01
308,Martin Müürsepp,22,MIA,PF,10,0,27,5,14,.357,1,4,.250,4,10,.400,.393,6,14,.429,2,3,5,3,0,1,3,3,17,0,,muursma01
308,Martin Müürsepp,22,DAL,PF,32,0,321,49,117,.419,3,20,.150,46,97,.474,.432,38,56,.679,33,29,62,17,12,10,15,55,139,0,,muursma01
309,Brett Szabo,28,BOS,C,70,24,662,54,121,.446,0,1,.000,54,120,.450,.446,45,61,.738,56,109,165,17,16,32,41,119,153,0,,szabobr01
310,Michael Cage,35,PHI,C,82,24,1247,66,141,.468,0,0,,66,141,.468,.468,19,41,.463,112,208,320,43,48,42,17,118,151,0,,cagemi01
311,Jamie Feick,22,2TM,C,41,0,624,56,157,.357,5,14,.357,51,143,.357,.373,34,67,.507,82,132,214,26,16,14,31,78,151,0,,feickja01
311,Jamie Feick,22,CHH,C,3,0,10,2,4,.500,1,1,1.000,1,3,.333,.625,0,2,.000,1,2,3,0,0,1,0,3,5,0,,feickja01
311,Jamie Feick,22,SAS,PF,38,0,614,54,153,.353,4,13,.308,50,140,.357,.366,34,65,.523,81,130,211,26,16,13,31,75,146,0,,feickja01
312,Willie Burton,28,ATL,SF,24,2,380,39,116,.336,13,46,.283,26,70,.371,.392,57,68,.838,11,30,41,11,8,3,26,55,148,0,,burtowi01
313,Mitchell Butler,26,POR,SG,49,1,465,52,125,.416,12,39,.308,40,86,.465,.464,32,50,.640,19,34,53,30,13,2,27,55,148,0,,butlemi02
314,Bobby Hurley,25,SAC,PG,49,12,632,46,125,.368,14,45,.311,32,80,.400,.424,37,53,.698,9,29,38,146,27,3,55,53,143,0,,hurlebo01
315,George Zídek,23,2TM,C,52,2,376,49,118,.415,0,2,.000,49,116,.422,.415,45,57,.789,35,51,86,14,5,3,27,61,143,0,,zidekge01
315,George Zídek,23,CHH,C,36,2,288,33,85,.388,0,2,.000,33,83,.398,.388,25,32,.781,25,38,63,9,4,3,23,44,91,0,,zidekge01
315,George Zídek,23,DEN,C,16,0,88,16,33,.485,0,0,,16,33,.485,.485,20,25,.800,10,13,23,5,1,0,4,17,52,0,,zidekge01
316,Jud Buechler,28,CHI,SF,76,0,703,58,158,.367,18,54,.333,40,104,.385,.424,5,14,.357,45,81,126,60,23,21,27,50,139,0,,buechju01
317,Lionel Simmons,28,SAC,SF,41,0,521,45,136,.331,7,30,.233,38,106,.358,.357,42,48,.875,30,74,104,57,8,13,34,63,139,0,,simmoli01
318,Danny Schayes,37,ORL,PF,45,6,540,47,120,.392,0,1,.000,47,119,.395,.392,39,52,.750,41,84,125,14,15,16,27,74,133,0,,schayda01
319,Don Reid,23,DET,PF,47,14,462,54,112,.482,0,1,.000,54,111,.486,.482,24,32,.750,36,65,101,14,16,15,23,105,132,0,,reiddo01
320,John Long,40,TOR,SG,32,0,370,46,117,.393,12,34,.353,34,83,.410,.444,25,28,.893,6,34,40,21,9,2,24,28,129,0,,longjo01
321,Rafael Addison,32,CHH,SF,41,3,355,49,122,.402,8,20,.400,41,102,.402,.434,22,28,.786,19,26,45,34,8,3,17,52,128,0,,addisra01
322,Brent Price,28,HOU,PG,25,0,390,44,105,.419,17,53,.321,27,52,.519,.500,21,21,1.000,10,19,29,65,17,0,32,34,126,0,,pricebr01
323,Melvin Booker,24,2TM,PG,21,4,430,46,105,.438,12,37,.324,34,68,.500,.495,18,20,.900,7,22,29,53,3,2,27,28,122,0,,bookeme01
323,Melvin Booker,24,DEN,PG,5,0,21,2,4,.500,1,2,.500,1,2,.500,.625,0,0,,0,1,1,3,0,0,7,0,5,0,,bookeme01
323,Melvin Booker,24,GSW,PG,16,4,409,44,101,.436,11,35,.314,33,66,.500,.490,18,20,.900,7,21,28,50,3,2,20,28,117,0,,bookeme01
324,Duane Causwell,28,SAC,C,46,8,581,48,94,.511,2,3,.667,46,91,.505,.521,20,37,.541,57,70,127,20,15,38,34,131,118,0,,causwdu01
325,Šarūnas Marčiulionis,32,DEN,SG,17,0,255,38,101,.376,11,30,.367,27,71,.380,.431,29,36,.806,12,18,30,25,12,1,40,38,116,0,,marcisa01
326,Kurt Thomas,24,MIA,PF,18,9,374,39,105,.371,0,1,.000,39,104,.375,.371,35,46,.761,31,76,107,9,12,9,25,67,113,0,,thomaku01
327,Priest Lauderdale,23,ATL,C,35,0,180,49,89,.551,0,1,.000,49,88,.557,.551,13,23,.565,16,27,43,12,1,9,37,39,111,0,,laudepr01
328,Gary Grant,31,MIA,PG,28,0,365,39,110,.355,14,46,.304,25,64,.391,.418,18,22,.818,8,30,38,45,16,0,27,39,110,0,,grantga01
329,David Robinson,31,SAS,C,6,6,147,36,72,.500,0,0,,36,72,.500,.500,34,52,.654,19,32,51,8,6,6,8,9,106,0,,robinda01
330,Kevin Duckworth,32,LAC,C,26,22,384,45,103,.437,3,4,.750,42,99,.424,.451,11,16,.688,23,37,60,16,9,11,33,63,104,0,,duckwke01
331,Adrian Caldwell,30,2TM,PF,45,0,569,40,92,.435,0,2,.000,40,90,.444,.435,21,50,.420,58,109,167,12,16,8,28,87,101,0,,caldwad01
331,Adrian Caldwell,30,NJN,PF,18,0,204,10,35,.286,0,2,.000,10,33,.303,.286,9,17,.529,20,36,56,5,8,1,12,27,29,0,,caldwad01
331,Adrian Caldwell,30,PHI,PF,27,0,365,30,57,.526,0,0,,30,57,.526,.526,12,33,.364,38,73,111,7,8,7,16,60,72,0,,caldwad01
332,Ivano Newbill,26,ATL,PF,72,2,850,40,91,.440,0,0,,40,91,.440,.440,20,52,.385,76,128,204,24,28,15,42,115,100,0,,newbiiv01
333,Tracy Moore,31,HOU,SG,27,1,237,33,85,.388,11,43,.256,22,42,.524,.453,22,31,.710,11,15,26,20,5,0,14,19,99,0,,mooretr01
334,Lloyd Daniels,29,2TM,SG,22,0,310,36,119,.303,21,70,.300,15,49,.306,.391,5,6,.833,19,24,43,26,10,3,14,33,98,0,,daniell01
334,Lloyd Daniels,29,SAC,SG,5,0,28,2,16,.125,2,11,.182,0,5,.000,.188,0,0,,1,3,4,1,1,0,3,4,6,0,,daniell01
334,Lloyd Daniels,29,NJN,SG,17,0,282,34,103,.330,19,59,.322,15,44,.341,.422,5,6,.833,18,21,39,25,9,3,11,29,92,0,,daniell01
335,Joe Wolf,32,MIL,C,56,7,525,40,89,.449,1,7,.143,39,82,.476,.455,14,19,.737,32,80,112,20,14,11,14,105,95,0,,wolfjo01
336,Greg Graham,26,SEA,SG,28,0,197,29,80,.363,9,31,.290,20,49,.408,.419,26,40,.650,2,11,13,11,12,1,10,12,93,0,,grahagr01
337,Jeff Grayer,31,SAC,SG,25,0,316,38,83,.458,4,11,.364,34,72,.472,.482,11,20,.550,21,17,38,25,8,7,15,42,91,0,,grayeje01
338,Dickey Simpkins,24,CHI,PF,48,0,395,31,93,.333,1,4,.250,30,89,.337,.339,28,40,.700,36,56,92,31,5,5,35,44,91,0,,simpkdi01
339,Litterial Green,26,DET,PG,45,0,311,30,64,.469,0,10,.000,30,54,.556,.469,30,47,.638,6,16,22,41,16,1,15,27,90,0,,greenli01
340,Charles Smith,31,SAS,PF,19,7,329,34,84,.405,0,1,.000,34,83,.410,.405,20,26,.769,18,47,65,14,13,22,22,44,88,0,,smithch01
341,Alton Lister,38,BOS,C,53,2,516,32,77,.416,0,0,,32,77,.416,.416,23,31,.742,66,102,168,13,8,14,30,95,87,0,,listeal01
342,Tony Dumas,24,2TM,SG,24,1,278,33,96,.344,4,28,.143,29,68,.426,.365,16,25,.640,3,13,16,25,10,2,16,45,86,0,,dumasto01
342,Tony Dumas,24,DAL,SG,18,0,227,27,77,.351,3,24,.125,24,53,.453,.370,15,23,.652,3,11,14,22,10,1,15,36,72,0,,dumasto01
342,Tony Dumas,24,PHO,SG,6,1,51,6,19,.316,1,4,.250,5,15,.333,.342,1,2,.500,0,2,2,3,0,1,1,9,14,0,,dumasto01
343,Mark Hendrickson,22,PHI,PF,29,1,301,32,77,.416,3,12,.250,29,65,.446,.435,18,26,.692,35,57,92,3,10,4,14,32,85,0,,hendrma01
344,Žan Tabak,26,TOR,C,13,4,218,32,71,.451,0,0,,32,71,.451,.451,20,29,.690,20,29,49,14,6,11,21,35,84,0,,tabakza01
345,Willie Anderson,30,MIA,SG,28,1,303,29,64,.453,8,19,.421,21,45,.467,.516,17,20,.850,15,27,42,34,14,4,19,36,83,0,,anderwi01
346,Darvin Ham,23,2TM,SF,36,3,318,33,62,.532,0,0,,33,62,.532,.532,17,35,.486,29,27,56,14,9,8,22,57,83,0,,hamda01
346,Darvin Ham,23,DEN,SF,35,3,313,32,61,.525,0,0,,32,61,.525,.525,16,33,.485,29,27,56,14,8,8,21,57,80,0,,hamda01
346,Darvin Ham,23,IND,SF,1,0,5,1,1,1.000,0,0,,1,1,1.000,1.000,1,2,.500,0,0,0,0,1,0,1,0,3,0,,hamda01
347,Marcus Brown,22,POR,PG,21,0,184,28,70,.400,13,32,.406,15,38,.395,.493,13,19,.684,4,11,15,20,8,2,13,26,82,0,,brownma01
348,Frank Brickowski,37,BOS,PF,17,2,255,32,73,.438,7,20,.350,25,53,.472,.486,10,14,.714,6,28,34,15,5,4,19,42,81,0,,brickfr01
349,David Vaughn,23,ORL,PF,35,6,298,31,72,.431,0,0,,31,72,.431,.431,19,30,.633,35,60,95,7,8,15,29,43,81,0,,vaughda02
350,Greg Dreiling,34,DAL,C,40,3,389,34,74,.459,1,1,1.000,33,73,.452,.466,11,27,.407,19,57,76,11,8,7,9,65,80,0,,dreilgr01
351,Michael Hawkins,24,BOS,PG,29,0,326,29,68,.426,10,31,.323,19,37,.514,.500,12,15,.800,9,22,31,64,16,1,28,40,80,0,,hawkimi01
352,Jamie Watson,24,2TM,SF,23,6,340,31,72,.431,4,12,.333,27,60,.450,.458,12,16,.750,18,29,47,33,22,4,24,34,78,0,,watsoja01
352,Jamie Watson,24,UTA,SF,13,0,129,11,25,.440,1,3,.333,10,22,.455,.460,10,12,.833,4,14,18,10,11,2,9,16,33,0,,watsoja01
352,Jamie Watson,24,DAL,SF,10,6,211,20,47,.426,3,9,.333,17,38,.447,.457,2,4,.500,14,15,29,23,11,2,15,18,45,0,,watsoja01
353,Steve Hamer,23,BOS,C,35,3,268,30,57,.526,0,2,.000,30,55,.545,.526,16,29,.552,17,43,60,7,2,4,13,39,76,0,,hamerst01
354,Reggie Williams,32,2TM,SF,13,0,200,29,76,.382,9,34,.265,20,42,.476,.441,9,12,.750,5,26,31,10,8,4,12,33,76,0,,willire01
354,Reggie Williams,32,IND,SF,2,0,33,2,9,.222,0,1,.000,2,8,.250,.222,1,2,.500,1,6,7,2,0,0,2,5,5,0,,willire01
354,Reggie Williams,32,NJN,SF,11,0,167,27,67,.403,9,33,.273,18,34,.529,.470,8,10,.800,4,20,24,8,8,4,10,28,71,0,,willire01
355,Shane Heal,26,MIN,PG,43,0,236,26,97,.268,20,65,.308,6,32,.188,.371,3,5,.600,2,16,18,33,3,3,17,20,75,0,,healsh01
356,Rich Manning,26,2TM,PF,26,2,201,32,82,.390,2,4,.500,30,78,.385,.402,9,14,.643,16,23,39,3,4,2,7,29,75,0,,manniri01
356,Rich Manning,26,VAN,PF,16,1,128,18,48,.375,2,3,.667,16,45,.356,.396,6,8,.750,8,15,23,2,3,1,5,18,44,0,,manniri01
356,Rich Manning,26,LAC,PF,10,1,73,14,34,.412,0,1,.000,14,33,.424,.412,3,6,.500,8,8,16,1,1,1,2,11,31,0,,manniri01
357,Eric Mobley,26,VAN,C,28,8,307,28,63,.444,0,0,,28,63,.444,.444,16,30,.533,30,28,58,14,5,10,29,44,72,0,,mobleer01
358,Sedale Threatt,35,HOU,SG,21,0,334,28,74,.378,8,20,.400,20,54,.370,.432,6,8,.750,5,19,24,40,15,3,13,29,70,0,,threase01
359,Ed Pinckney,33,MIA,PF,27,0,273,23,43,.535,0,0,,23,43,.535,.535,20,25,.800,25,40,65,6,8,9,19,30,66,0,,pincked01
360,Emanual Davis,28,HOU,PG,13,0,230,24,54,.444,12,27,.444,12,27,.444,.556,5,8,.625,2,20,22,26,9,2,17,20,65,0,,davisem01
361,Jeff McInnis,22,DEN,PG,13,0,117,23,49,.469,12,26,.462,11,23,.478,.592,7,10,.700,2,4,6,18,2,1,13,16,65,0,,mcinnje01
362,Walter McCarty,22,NYK,PF,35,0,192,26,68,.382,4,14,.286,22,54,.407,.412,8,14,.571,8,15,23,13,7,9,17,38,64,0,,mccarwa01
363,Ken Norman,32,ATL,SF,17,0,220,27,94,.287,6,38,.158,21,56,.375,.319,4,12,.333,8,31,39,12,7,3,18,17,64,0,,normake01
364,Bison Dele,27,CHI,C,9,0,138,26,63,.413,0,0,,26,63,.413,.413,11,15,.733,14,19,33,12,3,5,11,20,63,0,,delebi01
365,Mark Strickland,26,MIA,PF,31,0,153,25,60,.417,0,1,.000,25,59,.424,.417,12,21,.571,16,21,37,1,4,10,15,17,62,0,,stricma01
366,Mark Bradtke,28,PHI,C,36,0,251,25,58,.431,0,0,,25,58,.431,.431,9,13,.692,26,42,68,7,5,5,9,34,59,0,,bradtma01
367,Donald Whiteside,27,TOR,PG,27,1,259,18,55,.327,12,36,.333,6,19,.316,.436,11,15,.733,2,10,12,36,11,0,17,23,59,0,,whitedo01
368,Scott Brooks,31,NYK,PG,38,0,251,19,39,.487,5,12,.417,14,27,.519,.551,14,15,.933,6,12,18,29,21,0,17,35,57,0,,brooksc01
369,Yinka Dare,24,NJN,C,41,2,313,19,54,.352,0,0,,19,54,.352,.352,19,37,.514,35,47,82,3,4,28,21,51,57,0,,dareyi01
370,Reggie Geary,23,CLE,PG,39,0,246,22,58,.379,8,21,.381,14,37,.378,.448,5,11,.455,4,11,15,36,13,2,15,36,57,0,,gearyre01
371,David Wood,32,MIL,PF,46,0,240,20,38,.526,5,15,.333,15,23,.652,.592,12,18,.667,5,22,27,13,7,6,6,36,57,0,,woodda01
372,Rick Mahorn,38,DET,C,22,7,218,20,54,.370,0,1,.000,20,53,.377,.370,16,22,.727,19,34,53,6,4,3,10,34,56,0,,mahorri01
373,Donnie Boyce,23,ATL,SG,22,2,154,21,63,.333,2,16,.125,19,47,.404,.349,11,22,.500,7,8,15,13,10,4,16,17,55,0,,boycedo01
374,Jerome Williams,23,DET,PF,33,0,177,20,51,.392,0,0,,20,51,.392,.392,9,17,.529,22,28,50,7,13,1,13,18,49,0,,willije01
375,Eric Murdock,28,DEN,PG,12,0,114,15,33,.455,4,10,.400,11,23,.478,.515,11,12,.917,1,10,11,24,9,2,11,9,45,0,,murdoer01
376,Lorenzo Williams,27,WSB,C,19,0,264,20,31,.645,0,0,,20,31,.645,.645,5,7,.714,28,41,69,4,6,8,18,49,45,0,,willilo01
377,Tim Legler,30,WSB,SG,15,0,182,15,48,.313,8,29,.276,7,19,.368,.396,6,7,.857,0,21,21,7,3,5,9,21,44,0,,legleti01
378,Darrin Hancock,25,3TM,SF,24,0,133,16,35,.457,0,0,,16,35,.457,.457,10,14,.714,4,14,18,12,9,1,11,15,42,0,,hancoda01
378,Darrin Hancock,25,MIL,SF,9,0,39,2,6,.333,0,0,,2,6,.333,.333,0,0,,1,4,5,4,2,0,4,7,4,0,,hancoda01
378,Darrin Hancock,25,ATL,SF,14,0,86,13,27,.481,0,0,,13,27,.481,.481,8,12,.667,3,10,13,7,7,1,7,6,34,0,,hancoda01
378,Darrin Hancock,25,SAS,SF,1,0,8,1,2,.500,0,0,,1,2,.500,.500,2,2,1.000,0,0,0,1,0,0,0,2,4,0,,hancoda01
379,Ashraf Amaya,25,WSB,PF,31,0,144,12,40,.300,1,1,1.000,11,39,.282,.313,15,28,.536,19,33,52,3,7,3,10,29,40,0,,amayaas01
380,Jack Haley,33,NJN,C,20,0,74,13,37,.351,0,0,,13,37,.351,.351,14,19,.737,13,19,32,5,1,1,2,14,40,0,,haleyja01
381,Lou Roe,24,GSW,SF,17,0,107,14,48,.292,3,11,.273,11,37,.297,.323,9,19,.474,7,7,14,6,3,1,11,10,40,0,,roelo01
382,Ruben Nembhard,24,2TM,SG,10,0,113,16,37,.432,0,6,.000,16,31,.516,.432,8,10,.800,3,5,8,17,9,0,8,12,40,0,,nembhru01
382,Ruben Nembhard,24,UTA,SG,8,0,94,12,29,.414,0,4,.000,12,25,.480,.414,8,10,.800,3,5,8,12,6,0,3,9,32,0,,nembhru01
382,Ruben Nembhard,24,POR,PG,2,0,19,4,8,.500,0,2,.000,4,6,.667,.500,0,0,,0,0,0,5,3,0,5,3,8,0,,nembhru01
383,Reggie Jordan,29,2TM,SG,19,0,130,16,26,.615,0,0,,16,26,.615,.615,8,17,.471,11,16,27,12,7,3,8,15,40,0,,jordare01
383,Reggie Jordan,29,POR,SG,9,0,99,8,16,.500,0,0,,8,16,.500,.500,4,10,.400,11,12,23,11,5,3,6,13,20,0,,jordare01
383,Reggie Jordan,29,MIN,SG,10,0,31,8,10,.800,0,0,,8,10,.800,.800,4,7,.571,0,4,4,1,2,0,2,2,20,0,,jordare01
384,Herb Williams,38,NYK,PF,21,2,184,18,46,.391,0,1,.000,18,45,.400,.391,3,4,.750,9,22,31,5,4,5,5,18,39,0,,willihe01
385,Randolph Childress,24,2TM,PG,23,0,155,14,40,.350,5,19,.263,9,21,.429,.413,6,8,.750,1,5,6,17,9,0,18,16,39,0,,childra01
385,Randolph Childress,24,POR,PG,19,0,125,10,30,.333,3,16,.188,7,14,.500,.383,6,8,.750,1,4,5,15,7,0,13,11,29,0,,childra01
385,Randolph Childress,24,DET,PG,4,0,30,4,10,.400,2,3,.667,2,7,.286,.500,0,0,,0,1,1,2,2,0,5,5,10,0,,childra01
386,Ben Wallace,22,WSB,PF,34,0,197,16,46,.348,0,0,,16,46,.348,.348,6,20,.300,25,33,58,2,8,11,18,27,38,0,,wallabe01
387,Kevin Salvadori,26,SAC,C,23,0,154,12,33,.364,0,0,,12,33,.364,.364,13,18,.722,6,19,25,10,2,13,12,17,37,0,,salvake01
388,Nate Driggers,23,BOS,SG,15,0,132,13,43,.302,0,9,.000,13,34,.382,.302,10,14,.714,12,10,22,6,3,2,6,10,36,0,,driggna01
389,Eric Leckner,30,2TM,C,20,1,126,14,33,.424,0,0,,14,33,.424,.424,6,12,.500,5,31,36,5,3,2,10,35,34,0,,leckner01
389,Eric Leckner,30,CHH,C,1,0,11,0,3,.000,0,0,,0,3,.000,.000,0,0,,0,1,1,1,0,0,0,3,0,0,,leckner01
389,Eric Leckner,30,VAN,C,19,1,115,14,30,.467,0,0,,14,30,.467,.467,6,12,.500,5,30,35,4,3,2,10,32,34,0,,leckner01
390,Horacio Llamas,23,PHO,C,20,2,101,15,28,.536,0,0,,15,28,.536,.536,4,8,.500,4,14,18,4,10,5,11,25,34,0,,llamaho01
391,Dwayne Schintzius,28,LAC,C,15,0,116,13,36,.361,1,2,.500,12,34,.353,.375,7,8,.875,9,13,22,4,1,9,7,22,34,0,,schindw01
392,Ben Davis,24,PHO,PF,20,0,98,10,26,.385,0,0,,10,26,.385,.385,9,20,.450,12,15,27,0,4,1,3,16,29,0,,davisbe01
393,Amal McCaskill,23,ORL,C,17,1,109,10,32,.313,0,2,.000,10,30,.333,.313,8,12,.667,4,18,22,7,3,5,11,7,28,0,,mccasam01
394,Aleksandar Djordjevic,29,POR,SG,8,0,61,8,16,.500,5,7,.714,3,9,.333,.656,4,5,.800,1,4,5,5,0,0,5,3,25,0,,djordal01
395,Joe Courtney,27,2TM,PF,9,0,100,11,30,.367,0,0,,11,30,.367,.367,3,5,.600,9,7,16,0,0,0,3,14,25,0,,courtjo01
395,Joe Courtney,27,PHI,PF,4,0,52,6,14,.429,0,0,,6,14,.429,.429,0,0,,5,4,9,0,0,0,1,8,12,0,,courtjo01
395,Joe Courtney,27,SAS,PF,5,0,48,5,16,.313,0,0,,5,16,.313,.313,3,5,.600,4,3,7,0,0,0,2,6,13,0,,courtjo01
396,Stacey King,30,2TM,C,11,0,103,11,22,.500,0,0,,11,22,.500,.500,2,7,.286,11,16,27,1,2,1,6,14,24,0,,kingst01
396,Stacey King,30,BOS,C,5,0,33,5,7,.714,0,0,,5,7,.714,.714,2,3,.667,1,8,9,1,0,1,1,3,12,0,,kingst01
396,Stacey King,30,DAL,C,6,0,70,6,15,.400,0,0,,6,15,.400,.400,0,4,.000,10,8,18,0,2,0,5,11,12,0,,kingst01
397,Fred Roberts,36,DAL,PF,12,0,40,6,15,.400,0,0,,6,15,.400,.400,10,14,.714,2,8,10,0,0,1,5,2,22,0,,roberfr01
398,Haywoode Workman,31,IND,PG,4,2,81,11,20,.550,0,3,.000,11,17,.647,.550,0,1,.000,4,3,7,11,3,0,5,10,22,0,,workmha01
399,Elmer Bennett,26,2TM,PG,9,0,75,6,19,.316,3,9,.333,3,10,.300,.395,7,10,.700,0,4,4,11,4,0,10,7,22,0,,benneel01
399,Elmer Bennett,26,HOU,PG,4,0,16,2,6,.333,1,3,.333,1,3,.333,.417,5,6,.833,0,1,1,4,2,0,0,1,10,0,,benneel01
399,Elmer Bennett,26,DEN,PG,5,0,59,4,13,.308,2,6,.333,2,7,.286,.385,2,4,.500,0,3,3,7,2,0,10,6,12,0,,benneel01
400,Carl Thomas,27,CLE,SG,19,0,77,9,24,.375,2,12,.167,7,12,.583,.417,1,1,1.000,3,10,13,8,2,1,6,7,21,0,,thomaca01
401,Brian Evans,23,ORL,SF,14,0,59,8,22,.364,4,8,.500,4,14,.286,.455,0,0,,1,7,8,7,1,2,2,6,20,0,,evansbr01
402,Frankie King,24,PHI,SG,7,0,59,7,17,.412,1,2,.500,6,15,.400,.441,5,5,1.000,4,10,14,5,4,0,3,7,20,0,,kingfr01
403,Shawnelle Scott,24,CLE,C,16,0,50,8,16,.500,0,0,,8,16,.500,.500,4,11,.364,8,8,16,0,0,3,0,6,20,0,,scottsh01
404,Dexter Boney,26,PHO,SG,8,0,48,6,19,.316,1,6,.167,5,13,.385,.342,6,8,.750,3,3,6,0,2,1,1,3,19,0,,boneyde01
405,Tom Chambers,37,CHH,PF,12,5,83,7,31,.226,2,3,.667,5,28,.179,.258,3,4,.750,3,11,14,4,1,0,9,14,19,0,,chambto01
406,Brent Scott,25,IND,PF,16,0,55,8,17,.471,0,0,,8,17,.471,.471,3,6,.500,3,6,9,3,1,1,4,14,19,0,,scottbr01
407,Jason Sasser,23,2TM,SF,8,0,69,9,23,.391,1,3,.333,8,20,.400,.413,0,0,,1,7,8,2,3,0,2,11,19,0,,sasseja01
407,Jason Sasser,23,SAS,SF,6,0,62,8,19,.421,1,2,.500,7,17,.412,.447,0,0,,0,7,7,1,2,0,2,11,17,0,,sasseja01
407,Jason Sasser,23,DAL,SF,2,0,7,1,4,.250,0,1,.000,1,3,.333,.250,0,0,,1,0,1,1,1,0,0,0,2,0,,sasseja01
408,Devin Gray,24,2TM,PF,6,0,49,8,26,.308,0,0,,8,26,.308,.308,2,5,.400,6,8,14,2,4,0,5,11,18,0,,grayde01
408,Devin Gray,24,SAC,PF,3,0,25,3,11,.273,0,0,,3,11,.273,.273,2,4,.500,3,6,9,2,3,0,0,3,8,0,,grayde01
408,Devin Gray,24,SAS,PF,3,0,24,5,15,.333,0,0,,5,15,.333,.333,0,1,.000,3,2,5,0,1,0,5,8,10,0,,grayde01
409,Mike Brown,33,PHO,C,6,1,83,5,12,.417,0,0,,5,12,.417,.417,6,10,.600,9,16,25,5,1,1,2,9,16,0,,brownmi01
410,Pervis Ellison,29,BOS,PF,6,4,125,6,16,.375,0,0,,6,16,.375,.375,3,5,.600,9,17,26,4,5,9,7,21,15,0,,ellispe01
411,Antonio Harvey,26,SEA,PF,6,0,26,5,11,.455,0,0,,5,11,.455,.455,5,6,.833,2,8,10,1,0,4,1,8,15,0,,harvean01
412,Gaylon Nickerson,27,2TM,SG,4,0,42,4,12,.333,0,2,.000,4,10,.400,.333,7,7,1.000,1,4,5,1,1,1,1,1,15,0,,nickega01
412,Gaylon Nickerson,27,SAS,SG,3,0,36,3,9,.333,0,1,.000,3,8,.375,.333,7,7,1.000,1,3,4,1,0,1,0,1,13,0,,nickega01
412,Gaylon Nickerson,27,WSB,SG,1,0,6,1,3,.333,0,1,.000,1,2,.500,.333,0,0,,0,1,1,0,1,0,1,0,2,0,,nickega01
413,Martin Lewis,21,TOR,SF,9,0,50,6,14,.429,1,3,.333,5,11,.455,.464,1,2,.500,4,2,6,4,1,2,1,8,14,0,,lewisma01
414,Stevin Smith,25,DAL,SG,8,0,60,6,18,.333,1,6,.167,5,12,.417,.361,1,1,1.000,2,8,10,4,1,0,4,9,14,0,,smithst02
415,Benoit Benjamin,32,TOR,C,4,3,44,5,12,.417,0,0,,5,12,.417,.417,3,4,.750,3,6,9,1,1,0,2,5,13,0,,benjabe01
416,Evric Gray,27,NJN,SF,5,0,42,4,15,.267,1,4,.250,3,11,.273,.300,4,4,1.000,1,2,3,2,1,0,3,5,13,0,,grayev01
417,Steve Scheffler,29,SEA,C,7,0,29,6,7,.857,0,0,,6,7,.857,.857,1,2,.500,1,2,3,0,0,0,5,5,13,0,,schefst01
418,Moochie Norris,23,VAN,PG,8,0,89,4,22,.182,2,10,.200,2,12,.167,.227,2,5,.400,3,9,12,23,4,0,5,5,12,0,,norrimo01
419,Jimmy Oliver,27,TOR,SG,4,0,43,4,13,.308,1,6,.167,3,7,.429,.346,2,2,1.000,1,4,5,1,2,0,3,2,11,0,,oliveji01
420,Brad Lohaus,32,TOR,PF,6,0,45,4,15,.267,2,7,.286,2,8,.250,.333,0,0,,1,6,7,1,1,0,1,6,10,0,,lohaubr01
421,LaSalle Thompson,35,2TM,C,26,0,140,3,19,.158,0,0,,3,19,.158,.158,4,6,.667,7,27,34,2,3,6,9,33,10,0,,thompla01
421,LaSalle Thompson,35,DEN,C,17,0,105,3,16,.188,0,0,,3,16,.188,.188,1,2,.500,5,21,26,0,3,6,7,26,7,0,,thompla01
421,LaSalle Thompson,35,IND,C,9,0,35,0,3,.000,0,0,,0,3,.000,.000,3,4,.750,2,6,8,2,0,0,2,7,3,0,,thompla01
422,Robert Werdann,26,NJN,C,6,0,31,3,7,.429,0,0,,3,7,.429,.429,3,3,1.000,3,3,6,0,2,1,2,10,9,0,,werdaro01
423,Earl Cureton,39,TOR,PF,9,0,46,3,8,.375,0,0,,3,8,.375,.375,1,3,.333,4,5,9,4,0,0,1,10,7,0,,curetea01
424,Keith Tower,26,MIL,C,5,1,72,3,8,.375,0,0,,3,8,.375,.375,1,8,.125,2,7,9,1,2,1,2,12,7,0,,towerke01
425,Chris Jent,27,NYK,SF,3,0,10,2,6,.333,2,3,.667,0,3,.000,.500,0,0,,1,0,1,1,0,0,0,2,6,0,,jentch01
426,Jimmy King,23,DEN,SG,2,0,22,2,6,.333,0,0,,2,6,.333,.333,2,4,.500,2,0,2,2,3,0,1,2,6,0,,kingji02
427,Jimmy Carruth,27,MIL,PF,4,0,21,2,3,.667,0,0,,2,3,.667,.667,1,1,1.000,0,4,4,0,0,2,1,4,5,0,,carruji01
428,Charles Jones,39,HOU,PF,12,0,93,2,5,.400,0,0,,2,5,.400,.400,0,0,,5,8,13,3,2,4,0,8,4,0,,jonesch01
429,Tim Kempton,33,SAS,PF,10,0,59,1,5,.200,0,0,,1,5,.200,.200,2,2,1.000,3,5,8,2,1,1,7,4,4,0,,kemptti01
430,Ennis Whatley,34,POR,PG,3,0,22,2,4,.500,0,0,,2,4,.500,.500,0,0,,0,3,3,3,0,0,1,5,4,0,,whatlen01
431,Larry Krystkowiak,32,LAL,PF,3,0,11,1,2,.500,0,0,,1,2,.500,.500,1,2,.500,2,3,5,3,2,0,1,3,3,0,,krystla01
432,Matt Steigenga,26,CHI,SF,2,0,12,1,4,.250,0,2,.000,1,2,.500,.250,1,2,.500,0,3,3,2,1,1,2,1,3,0,,steigma01
433,Joe Stephens,24,HOU,PF,2,0,9,1,5,.200,1,3,.333,0,2,.000,.300,0,0,,2,1,3,0,3,0,3,3,3,0,,stephjo01
434,Dell Demps,26,ORL,SG,2,0,10,0,3,.000,0,1,.000,0,2,.000,.000,2,2,1.000,0,0,0,0,1,0,0,1,2,0,,dempsde01
435,Matt Fish,27,2TM,C,6,0,8,1,3,.333,0,0,,1,3,.333,.333,0,0,,1,4,5,0,0,0,2,2,2,0,,fishma01
435,Matt Fish,27,WSB,C,5,0,7,1,3,.333,0,0,,1,3,.333,.333,0,0,,1,4,5,0,0,0,2,2,2,0,,fishma01
435,Matt Fish,27,MIA,C,1,0,1,0,0,,0,0,,0,0,,,0,0,,0,0,0,0,0,0,0,0,0,0,,fishma01
436,James Scott,24,MIA,SF,8,0,32,0,8,.000,0,4,.000,0,4,.000,.000,1,2,.500,1,5,6,3,2,0,2,5,1,0,,scottja01
437,Derrick Alston,24,ATL,C,2,0,11,0,5,.000,0,0,,0,5,.000,.000,0,2,.000,3,1,4,0,0,0,0,0,0,0,,alstode01
438,Bruce Bowen,25,MIA,SF,1,0,1,0,0,,0,0,,0,0,,,0,0,,0,0,0,0,0,1,0,0,0,0,,bowenbr01
439,Cuonzo Martin,25,MIL,SG,3,0,13,0,7,.000,0,2,.000,0,5,.000,.000,0,0,,1,0,1,1,0,0,1,1,0,0,,marticu01
440,Anthony Miller,25,ATL,PF,1,0,14,0,5,.000,0,0,,0,5,.000,.000,0,0,,2,5,7,0,0,0,0,2,0,0,,millean01
441,Elmore Spencer,27,SEA,C,1,0,5,0,1,.000,0,0,,0,1,.000,.000,0,0,,0,0,0,0,1,0,1,0,0,0,,spencel01
,League Average,,,,,,,,,.455,,,.360,,,.480,.493,,,.738,,,,,,,,,,,,-9999